X,Y,objectid_1,objectid,kelas,pengelola,status,namobj,icon_url
122.199266999973,-8.60004500007591,1,8.000000000000000,Pelabuhan Perikanan (PP),UPTD Kab/ Kota,Operasional,PP. Alok,./0.png
121.3303639996,-8.53043899985914,2,10.000000000000000,Pelabuhan Perikanan (PP),UPTD Kab/ Kota,Operasional,PP. Konge,./0.png
121.021819000048,-8.41260599966637,3,13.000000000000000,Pelabuhan Perikanan (PP),UPTD Kab/ Kota,Operasional,PP. Nangamese,./0.png
122.992062999809,-8.33732700043993,4,14.000000000000000,Pelabuhan Perikanan (PP),UPTD Kab/ Kota,Operasional,PP. Amagarapati,./0.png
120.394175999924,-4.5399389998841,5,23.000000000000000,Pelabuhan Perikanan (PP),UPTD Kab/ Kota,Operasional,PP. Lonrae,./0.png
128.188534000245,-3.67993299970738,6,25.000000000000000,Pelabuhan Perikanan Nusantara (PPN),UPT Pusat,Operasional,PP. Ambon,./0.png
109.945524000233,-1.77985800004586,7,34.000000000000000,Pelabuhan Perikanan (PP),UPTD Kab/ Kota,Operasional,PP. Suka Bangun,./0.png
109.769837000378,-1.00726500017879,8,39.000000000000000,Pelabuhan Perikanan Pantai (PPP),UPT Pusat,Operasional,PP. Teluk Batang,./0.png
128.016929999821,1.71266299969852,9,47.000000000000000,Pelabuhan Perikanan Pantai (PPP),UPTD Provinsi,Operasional,PP. Tobelo,./0.png
99.8497300003403,2.98793799993956,10,50.000000000000000,Pelabuhan Perikanan (PP),UPTD Provinsi,Operasional,PP. Tanjung Balai Asahan,./0.png
95.5808790001668,4.64024300041496,11,53.000000000000000,Pelabuhan Perikanan (PP),UPTD Kab/ Kota,Operasional,PP. Calang,./0.png
123.061019999774,-10.7083199997674,12,54.000000000000000,Pelabuhan Perikanan Pantai (PPP),UPTD Kab/ Kota,Operasional,PP. Tulandale,./0.png
123.529169998598,-10.2003799997364,13,55.000000000000000,Pelabuhan Perikanan Swasta (PS),UPTD Provinsi,Operasional,PP. Kupang,./0.png
123.590380000138,-10.1542100001906,14,56.000000000000000,Pelabuhan Perikanan Pantai (PPP),UPTD Provinsi,Operasional,PP. Oeba (Kupang),./0.png
119.447810000332,-9.74955000013159,15,57.000000000000000,Pelabuhan Perikanan Pantai (PPP),UPTD Kab/ Kota,Operasional,PP. Wonokaka,./0.png
124.519559998596,-9.18246000002819,16,58.000000000000000,Pelabuhan Perikanan Pantai (PPP),UPTD Kab/ Kota,Operasional,PP. Wini,./0.png
124.868879999813,-8.98696999976488,17,59.000000000000000,Pelabuhan Perikanan Swasta (PS),UPTD Kab/ Kota,Operasional,PP. Atapupu,./0.png
121.638270000261,-8.85501000011061,18,60.000000000000000,Pelabuhan Perikanan Pantai (PPP),UPTD Kab/ Kota,Tidak Beroperasional,PP. Paupanda,./0.png
116.81698999979,-8.81587999966143,19,61.000000000000000,Pelabuhan Perikanan Pantai (PPP),UPTD Kab/ Kota,Operasional,PP. Labuhan Lalar,./0.png
116.49998999974,-8.80624000027501,20,62.000000000000000,Pelabuhan Perikanan Pantai (PPP),UPTD Kab/ Kota,Operasional,PP. Teluk Awang,./0.png
121.585810000232,-8.80164999994673,21,63.000000000000000,Pelabuhan Perikanan Pantai (PPP),UPTD Kab/ Kota,Operasional,PP. Ende,./0.png
122.052939999682,-8.76772999963896,22,64.000000000000000,Pelabuhan Perikanan Pantai (PPP),UPTD Kab/ Kota,Operasional,PP. Paga,./0.png
114.086159999885,-8.61742999959398,23,65.000000000000000,Pelabuhan Perikanan Pantai (PPP),UPTD Provinsi,Operasional,PP. Pancer,./0.png
114.223199999981,-8.59679000015757,24,66.000000000000000,Pelabuhan Perikanan Pantai (PPP),UPTD Kab/ Kota,Operasional,PP. Grajagan,./0.png
119.019280000273,-8.56641999988227,25,67.000000000000000,Pelabuhan Perikanan Pantai (PPP),UPTD Provinsi,Operasional,PP. Sape,./0.png
116.8941300003,-8.526840000265,26,68.000000000000000,Pelabuhan Perikanan Pantai (PPP),UPTD Kab/ Kota,Operasional,PP. Labuhan Mapin,./0.png
122.885480000403,-8.52391999960747,27,69.000000000000000,Pelabuhan Perikanan Pantai (PPP),UPTD Kab/ Kota,Operasional,PP. Ritaebang,./0.png
114.346889999575,-8.52364000018508,28,70.000000000000000,Pelabuhan Perikanan Pantai (PPP),UPTD Kab/ Kota,Operasional,PP. Kaliwatu,./0.png
140.379559999995,-8.47927000000971,29,71.000000000000000,Pelabuhan Perikanan Pantai (PPP),UPTD Kab/ Kota,Operasional,PP. Merauke,./0.png
114.345010000112,-8.44376999968495,30,72.000000000000000,Pangkalan Pendaratan Ikan (PPI),UPTD Provinsi,Operasional,PP. Muncar,./0.png
112.683829999556,-8.4313899998478,31,73.000000000000000,Pangkalan Pendaratan Ikan (PPI),UPTD Provinsi,Operasional,PP. Pondok Dadap,./0.png
114.339650000248,-8.42775999972338,32,74.000000000000000,Pelabuhan Perikanan Swasta (PS),UPTD Kab/ Kota,Operasional,PP. Brak Kalimoro,./0.png
114.340080000293,-8.425900000284,33,75.000000000000000,Pelabuhan Perikanan Swasta (PS),UPTD Kab/ Kota,Operasional,PP. Satelit,./0.png
113.561559999595,-8.42477999989626,34,76.000000000000000,Pelabuhan Perikanan Pantai (PPP),UPTD Kab/ Kota,Operasional,PP. Watu Ulo,./0.png
123.355379999888,-8.39230999990576,35,77.000000000000000,Pelabuhan Perikanan Pantai (PPP),UPTD Kab/ Kota,Operasional,PP. Hukung Lewoleba,./0.png
114.574590000429,-8.3861500000217,36,78.000000000000000,Pelabuhan Perikanan Nusantara (PPN),UPT Pusat,Operasional,PP. Pengambengan,./0.png
114.349819999794,-8.3788400001651,37,79.000000000000000,Pelabuhan Perikanan Pantai (PPP),UPTD Kab/ Kota,Operasional,PP. Krajan Bomo,./0.png
113.476880000313,-8.37777999984633,38,80.000000000000000,Pangkalan Pendaratan Ikan (PPI),UPTD Provinsi,Operasional,PP. Puger,./0.png
113.472200000331,-8.37703999989526,39,81.000000000000000,Pelabuhan Perikanan Pantai (PPP),UPTD Kab/ Kota,Operasional,PP. Jeni,./0.png
114.352770000037,-8.35335000010161,40,82.000000000000000,Pelabuhan Perikanan Pantai (PPP),UPTD Kab/ Kota,Operasional,PP. Kedonen,./0.png
114.356560000345,-8.34417000034443,41,83.000000000000000,Pelabuhan Perikanan Pantai (PPP),UPTD Kab/ Kota,Operasional,PP. Watu Kebo,./0.png
112.967099999966,-8.33660999975086,42,84.000000000000000,Pelabuhan Perikanan Pantai (PPP),UPTD Kab/ Kota,Operasional,PP. Tegalrejo,./0.png
114.358040000247,-8.32513000004866,43,85.000000000000000,Pelabuhan Perikanan Swasta (PS),UPTD Kab/ Kota,Tidak Beroperasional,PP. Blimbing Sari,./0.png
113.336510000437,-8.32318999961797,44,86.000000000000000,Pelabuhan Perikanan Pantai (PPP),UPTD Kab/ Kota,Operasional,PP. Paseban,./0.png
111.530440000207,-8.31854999968192,45,87.000000000000000,Pelabuhan Perikanan Pantai (PPP),UPTD Kab/ Kota,Operasional,PP. Ngadipuro,./0.png
114.361470000141,-8.31690999959602,46,88.000000000000000,Pelabuhan Perikanan Pantai (PPP),UPTD Kab/ Kota,Operasional,PP. Pacemengan,./0.png
112.145110000127,-8.31644999996672,47,89.000000000000000,Pelabuhan Perikanan Pantai (PPP),UPTD Kab/ Kota,Operasional,PP. Tambakrejo,./0.png
111.573469999742,-8.3151799998563,48,90.000000000000000,Pelabuhan Perikanan Swasta (PS),UPTD Kab/ Kota,Operasional,PP. Bladu,./0.png
114.362979999628,-8.29807999999122,49,91.000000000000000,Pelabuhan Perikanan Swasta (PS),UPTD Kab/ Kota,Operasional,PP. Badean,./0.png
113.309530000011,-8.29771999957751,50,92.000000000000000,Pelabuhan Perikanan Pantai (PPP),UPTD Kab/ Kota,Operasional,PP. Melman/Meleman/Wotgalih,./0.png
113.069570000356,-8.28997999967646,51,93.000000000000000,Pelabuhan Perikanan Pantai (PPP),UPTD Kab/ Kota,Operasional,PP. Dampar,./0.png
111.937092707264,-8.28997771989503,52,94.000000000000000,Pelabuhan Perikanan Pantai (PPP),UPTD Kab/ Kota,Operasional,PP. Sine,./0.png
111.732527938714,-8.29142968433166,53,95.000000000000000,Pelabuhan Perikanan Pantai (PPP),UPTD Kab/ Kota,Operasional,PP. Watulimo,./0.png
111.729420000434,-8.28744000035493,54,96.000000000000000,Pelabuhan Perikanan Nusantara (PPN),UPT Pusat,Operasional,PP. Prigi,./0.png
111.454529999761,-8.28742999989379,55,97.000000000000000,Pelabuhan Perikanan Pantai (PPP),UPTD Kab/ Kota,Operasional,PP. Jokerto (Joketro),./0.png
113.145199999581,-8.28588999992274,56,98.000000000000000,Pelabuhan Perikanan Pantai (PPP),UPTD Kab/ Kota,Operasional,PP. Selok Awar-Awar,./0.png
111.403910000048,-8.27055999984333,57,99.000000000000000,Pelabuhan Perikanan Pantai (PPP),UPTD Kab/ Kota,Operasional,PP. Sumberrejo,./0.png
111.200249999839,-8.26538000018604,58,100.000000000000000,Pelabuhan Perikanan Pantai (PPP),UPTD Kab/ Kota,Operasional,PP. Wawaran,./0.png
111.802067310859,-8.26245990060312,59,101.000000000000000,Pelabuhan Perikanan Pantai (PPP),UPTD Kab/ Kota,Operasional,PP. Popoh,./0.png
111.288350000353,-8.25974999956202,60,102.000000000000000,Pelabuhan Perikanan Pantai (PPP),UPTD Kab/ Kota,Operasional,PP. Tawang Pacitan,./0.png
110.977749999564,-8.23640000015905,61,103.000000000000000,Pelabuhan Perikanan Pantai (PPP),UPTD Kab/ Kota,Operasional,PP. Watukarung,./0.png
111.074120000139,-8.22655000008166,62,104.000000000000000,Pangkalan Pendaratan Ikan (PPI),UPTD Provinsi,Operasional,PP. Tamperan,./0.png
124.518139999662,-8.21988000006115,63,105.000000000000000,Pelabuhan Perikanan Pantai (PPP),UPTD Kab/ Kota,Operasional,PP. Kenarilang,./0.png
114.383439999757,-8.20855000008163,64,106.000000000000000,Pelabuhan Perikanan Pantai (PPP),UPTD Kab/ Kota,Tidak Beroperasional,PP. Mandar (Kampung Mandar),./0.png
110.798143324356,-8.19028066302138,65,107.000000000000000,Pangkalan Pendaratan Ikan (PPI),UPTD Provinsi,Operasional,PP. Sadeng,./0.png
130.938079999893,-8.13490000043384,66,108.000000000000000,Pelabuhan Perikanan Pantai (PPP),UPTD Kab/ Kota,Operasional,PP. Penambungan,./0.png
114.425610000102,-8.01436000041286,67,109.000000000000000,Pelabuhan Perikanan Swasta (PS),UPTD Kab/ Kota,Operasional,PP. Alas Bulu,./0.png
110.222000000301,-7.98370000025403,68,110.000000000000000,Pelabuhan Perikanan Pantai (PPP),UPTD Kab/ Kota,Operasional,PP. Pandan Simo,./0.png
125.857540000072,-7.97808999965298,69,111.000000000000000,Pelabuhan Perikanan Pantai (PPP),UPTD Kab/ Kota,Operasional,PP.Wetar,./0.png
131.303209999943,-7.97024999963696,70,112.000000000000000,Pelabuhan Perikanan Pantai (PPP),UPTD Kab/ Kota,Operasional,PP. Ukurlaran,./0.png
114.423760000225,-7.93744000015511,71,113.000000000000000,Pelabuhan Perikanan Swasta (PS),UPTD Kab/ Kota,Operasional,PP. Bimorejo,./0.png
114.421190000419,-7.92759000007766,72,114.000000000000000,Pelabuhan Perikanan Pantai (PPP),UPTD Kab/ Kota,Operasional,PP. Pandean,./0.png
110.085109999928,-7.91652999995875,73,115.000000000000000,Pelabuhan Perikanan Pantai (PPP),UPTD Kab/ Kota,Operasional,PP. Tanjung Adikarta,./0.png
110.000710000067,-7.88660999975087,74,116.000000000000000,Pelabuhan Perikanan Pantai (PPP),UPTD Kab/ Kota,Operasional,PP. Jati Kontal,./0.png
109.913780000448,-7.85446999968991,75,117.000000000000000,Pelabuhan Perikanan Pantai (PPP),UPTD Kab/ Kota,Operasional,PP. Kaburuhan (Keburuhan),./0.png
108.448010000062,-7.81478999995772,76,118.000000000000000,Pelabuhan Perikanan Pantai (PPP),UPTD Kab/ Kota,Operasional,PP. Legok Jawa,./0.png
108.320759999975,-7.81448999961299,77,119.000000000000000,Pelabuhan Perikanan Pantai (PPP),UPTD Kab/ Kota,Operasional,PP. Cimanuk (Nusa Cimanuk),./0.png
108.502090000154,-7.78311000042538,78,120.000000000000000,Pelabuhan Perikanan Pantai (PPP),Koperasi,Operasional,PP. Madasari,./0.png
109.621840000417,-7.78215999978335,79,121.000000000000000,Pelabuhan Perikanan Pantai (PPP),UPTD Kab/ Kota,Operasional,PP. Tanggulangin,./0.png
113.269220000004,-7.77696000010314,80,122.000000000000000,Pelabuhan Perikanan Pantai (PPP),UPTD Kab/ Kota,Operasional,PP. Randu Putih,./0.png
108.087069999882,-7.77162000026198,81,123.000000000000000,Pelabuhan Perikanan Pantai (PPP),UPTD Kab/ Kota,Operasional,PP. Pamayang Sari,./0.png
109.413219999904,-7.77080000021903,82,124.000000000000000,Pelabuhan Perikanan Pantai (PPP),UPTD Kab/ Kota,Operasional,PP. Karang Duwur,./0.png
109.436798597079,-7.76861703984372,83,125.000000000000000,Pelabuhan Perikanan Pantai (PPP),UPTD Kab/ Kota,Operasional,PP. Pasir,./0.png
114.295509999888,-7.74820999989078,84,126.000000000000000,Pelabuhan Perikanan Pantai (PPP),UPTD Kab/ Kota,Operasional,PP. Pondok Mimbo,./0.png
113.179249999589,-7.74798000007615,85,127.000000000000000,Pelabuhan Perikanan Swasta (PS),UPTD Kab/ Kota,Tahap Perencanaan,PP. Ketapang,./0.png
108.497450000218,-7.74658000026602,86,128.000000000000000,Pelabuhan Perikanan Swasta (PS),UPTD Kab/ Kota,Operasional,PP. Batu Karas,./0.png
109.009999999701,-7.74278999995772,87,129.000000000000000,Pelabuhan Perikanan Pantai (PPP),UPTD Kab/ Kota,Operasional,PP. Sentolo Kawat,./0.png
109.009990000139,-7.74209999961448,88,130.000000000000000,Pelabuhan Perikanan Pantai (PPP),UPTD Kab/ Kota,Operasional,PP. Kemiren,./0.png
113.678979999628,-7.73035000005166,89,131.000000000000000,Pelabuhan Perikanan Swasta (PS),UPTD Kab/ Kota,Operasional,PP. Besuki,./0.png
113.224709999668,-7.72834999955205,90,132.000000000000000,Pangkalan Pendaratan Ikan (PPI),UPTD Provinsi,Operasional,PP. Mayangan,./0.png
108.996770000236,-7.72766000010813,91,133.000000000000000,Pelabuhan Perikanan Pantai (PPP),UPTD Kab/ Kota,Operasional,PP. Sentolo Kambang,./0.png
109.025621988065,-7.72739006409938,92,134.000000000000000,Pelabuhan Perikanan Samudera (PPS),UPT Pusat,Operasional,PP. Cilacap,./0.png
109.394640000137,-7.71935000000167,93,135.000000000000000,Pelabuhan Perikanan Pantai (PPP),UPTD Kab/ Kota,Operasional,PP. Logending,./0.png
114.207337321561,-7.71747868709093,94,136.000000000000000,Pelabuhan Perikanan Pantai (PPP),UPTD Kab/ Kota,Operasional,PP. Jangkar,./0.png
109.36933000028,-7.71551000008566,95,137.000000000000000,Pelabuhan Perikanan Pantai (PPP),UPTD Kab/ Kota,Operasional,PP. Jetis,./0.png
108.500080000093,-7.71317000009464,96,138.000000000000000,Pelabuhan Perikanan Swasta (PS),UPTD Kab/ Kota,Operasional,PP. Bojong Salawe,./0.png
113.715320000019,-7.71212999979883,97,139.000000000000000,Pelabuhan Perikanan Pantai (PPP),UPTD Kab/ Kota,Operasional,PP. Ketah,./0.png
113.523179999558,-7.70635999991327,98,140.000000000000000,Pangkalan Pendaratan Ikan (PPI),UPTD Provinsi,Operasional,PP. Paiton,./0.png
107.836799999621,-7.70451999959749,99,141.000000000000000,Pelabuhan Perikanan Pantai (PPP),UPTD Kab/ Kota,Operasional,PP. Cijeruk,./0.png
113.933229999966,-7.69872999968891,100,142.000000000000000,Pelabuhan Perikanan Pantai (PPP),UPTD Kab/ Kota,Operasional,PP. Somangkaan,./0.png
109.067520000149,-7.69311999998723,101,143.000000000000000,Pelabuhan Perikanan Pantai (PPP),UPTD Kab/ Kota,Operasional,PP. Lengkong,./0.png
113.934035991269,-7.6931137622895,102,144.000000000000000,Pelabuhan Perikanan Pantai (PPP),UPTD Kab/ Kota,Operasional,PP. Panarukan,./0.png
114.09106000012,-7.68341000007064,103,145.000000000000000,Pelabuhan Perikanan Pantai (PPP),UPTD Kab/ Kota,Operasional,PP. Landangan,./0.png
108.67171999858,-7.68332000041687,104,146.000000000000000,Pelabuhan Perikanan Pantai (PPP),UPTD Kab/ Kota,Operasional,PP. Cikidang,./0.png
108.800770498061,-7.67472055440925,105,147.000000000000000,Pelabuhan Perikanan Pantai (PPP),UPTD Kab/ Kota,Operasional,PP. Majingklak (Palataragung),./0.png
113.960959999905,-7.66992999986877,106,148.000000000000000,Pelabuhan Perikanan Swasta (PS),UPTD Kab/ Kota,Operasional,PP. Barigaan,./0.png
107.687410000172,-7.66169999985431,107,149.000000000000000,Pangkalan Pendaratan Ikan (PPI),UPTD Provinsi,Operasional,PP. Cilauteureun,./0.png
112.989812755955,-7.65689404622248,108,150.000000000000000,Pangkalan Pendaratan Ikan (PPI),UPTD Provinsi,Operasional,PP. Lekok,./0.png
112.918788273961,-7.62943134368078,109,151.000000000000000,Pelabuhan Perikanan Pantai (PPP),UPTD Kab/ Kota,Tidak Beroperasional,PP. Ngemplakrejo,./0.png
114.012940000282,-7.62440000015908,110,152.000000000000000,Pelabuhan Perikanan Pantai (PPP),UPTD Kab/ Kota,Operasional,PP. Kalbut,./0.png
107.616779998599,-7.58255999974341,111,153.000000000000000,Pelabuhan Perikanan Pantai (PPP),UPTD Kab/ Kota,Operasional,PP. Cimari Muara,./0.png
107.47871079277,-7.53093796281593,112,154.000000000000000,Pelabuhan Perikanan Pantai (PPP),UPTD Kab/ Kota,Operasional,PP. Ranca Buaya,./0.png
107.387236841708,-7.49970379229535,113,155.000000000000000,Pelabuhan Perikanan Pantai (PPP),UPTD Kab/ Kota,Operasional,PP. Jayanti,./0.png
112.722830000305,-7.49865999955853,114,156.000000000000000,Pelabuhan Perikanan Swasta (PS),UPTD Kab/ Kota,Operasional,PP. Balong Dowo,./0.png
112.730550000183,-7.44674999971193,115,157.000000000000000,Pelabuhan Perikanan Swasta (PS),UPTD Kab/ Kota,Operasional,PP. Bluru,./0.png
112.810120000339,-7.40489000017254,116,158.000000000000000,Pelabuhan Perikanan Pantai (PPP),UPTD Kab/ Kota,Operasional,PP. Juanda,./0.png
106.516839999967,-7.4000999996145,117,159.000000000000000,Pelabuhan Perikanan Pantai (PPP),UPTD Kab/ Kota,Operasional,PP. Mina  Jaya,./0.png
112.808620000414,-7.388120000237,118,160.000000000000000,Pelabuhan Perikanan Swasta (PS),UPTD Kab/ Kota,Operasional,PP. Banjar Kemuning,./0.png
106.404830000305,-7.37269000004267,119,161.000000000000000,Pelabuhan Perikanan Pantai (PPP),UPTD Kab/ Kota,Operasional,PP. Ujung Genteng,./0.png
113.44878999996,-7.22380000026897,120,162.000000000000000,Pelabuhan Perikanan Swasta (PS),UPTD Kab/ Kota,Operasional,PP. Branta Pasisir,./0.png
113.327400000311,-7.21360999980084,121,163.000000000000000,Pelabuhan Perikanan Pantai (PPP),UPTD Kab/ Kota,Operasional,PP. Camplong,./0.png
106.454679999583,-7.18665999985831,122,164.000000000000000,Pelabuhan Perikanan Pantai (PPP),UPTD Kab/ Kota,Operasional,PP. Ciwaru,./0.png
138.998340000092,-7.16726000004815,123,165.000000000000000,Pelabuhan Perikanan Pantai (PPP),UPTD Kab/ Kota,Operasional,PP. Sumuraman,./0.png
114.326909999998,-7.16563999998522,124,166.000000000000000,Pelabuhan Perikanan Pantai (PPP),UPTD Kab/ Kota,Operasional,PP. Gayam,./0.png
114.612639999637,-7.14482999990378,125,167.000000000000000,Pelabuhan Perikanan Pantai (PPP),UPTD Kab/ Kota,Operasional,PP. Raas,./0.png
113.810220000254,-7.12857000010462,126,168.000000000000000,Pelabuhan Perikanan Swasta (PS),UPTD Kab/ Kota,Operasional,PP. Bluto,./0.png
113.678749999814,-7.10915999983331,127,169.000000000000000,Pelabuhan Perikanan Pantai (PPP),UPTD Kab/ Kota,Operasional,PP. Pragaan,./0.png
113.99528107896,-7.01017605318151,128,170.000000000000000,Pelabuhan Perikanan Pantai (PPP),UPTD Kab/ Kota,Operasional,PP. Gapura,./0.png
106.543156327703,-6.98851691412347,129,171.000000000000000,Pelabuhan Perikanan Nusantara (PPN),UPT Pusat,Operasional,PP. Palabuhanratu,./0.png
115.39865999996,-6.97964000028497,130,172.000000000000000,Pelabuhan Perikanan Swasta (PS),UPTD Kab/ Kota,Operasional,PP. Arjasa,./0.png
114.098559999745,-6.97907000007962,131,173.000000000000000,Pelabuhan Perikanan Pantai (PPP),UPTD Kab/ Kota,Operasional,PP. Dungkek,./0.png
115.912920000059,-6.96183999961551,132,174.000000000000000,Pelabuhan Perikanan Pantai (PPP),UPTD Kab/ Kota,Tidak Beroperasional,PP. Sapeken,./0.png
106.427754248061,-6.95893841257686,133,175.000000000000000,Pelabuhan Perikanan Pantai (PPP),UPTD Kab/ Kota,Operasional,PP. Cibangban,./0.png
106.441020000074,-6.95312000038689,134,176.000000000000000,Pelabuhan Perikanan Pantai (PPP),UPTD Kab/ Kota,Operasional,PP. Cisolok,./0.png
110.389929998572,-6.95003999954554,135,177.000000000000000,Pelabuhan Perikanan Pantai (PPP),UPTD Kab/ Kota,Operasional,PP. Tambak Lorok,./0.png
110.049999999601,-6.9166100002505,136,178.000000000000000,Pangkalan Pendaratan Ikan (PPI),UPTD Provinsi,Operasional,PP. Tawang,./0.png
109.934540000022,-6.91583999981532,137,179.000000000000000,Pelabuhan Perikanan Pantai (PPP),UPTD Kab/ Kota,Operasional,PP. Celong,./0.png
109.841549999734,-6.90949000016258,138,180.000000000000000,Pelabuhan Perikanan Pantai (PPP),UPTD Kab/ Kota,Operasional,PP. Roban (Roban Barat),./0.png
114.037760000025,-6.90625000003666,139,181.000000000000000,Pelabuhan Perikanan Swasta (PS),UPTD Kab/ Kota,Tidak Beroperasional,PP. Batang-batang,./0.png
112.490609999653,-6.90413999986032,140,182.000000000000000,Pelabuhan Perikanan Pantai (PPP),UPTD Kab/ Kota,Operasional,PP. Paceng,./0.png
110.057709999918,-6.90304000039492,141,183.000000000000000,Pelabuhan Perikanan Pantai (PPP),UPTD Kab/ Kota,Operasional,PP. Sendang Sikucing,./0.png
112.142699999606,-6.90118000005617,142,184.000000000000000,Pelabuhan Perikanan Pantai (PPP),UPTD Kab/ Kota,Operasional,PP. Palang,./0.png
112.169599999941,-6.89748000030096,143,185.000000000000000,Pelabuhan Perikanan Pantai (PPP),UPTD Kab/ Kota,Operasional,PP. Karang Agung,./0.png
112.170720000329,-6.89715000037143,144,186.000000000000000,Pelabuhan Perikanan Pantai (PPP),UPTD Kab/ Kota,Operasional,PP. Lohgung,./0.png
113.280079999893,-6.89198999983779,145,188.000000000000000,Pelabuhan Perikanan Pantai (PPP),UPTD Kab/ Kota,Operasional,PP. Ketapang,./0.png
113.737050000258,-6.88681000018056,146,189.000000000000000,Pelabuhan Perikanan Swasta (PS),UPTD Kab/ Kota,Operasional,PP. Ambunten,./0.png
113.655349999904,-6.88613999986029,147,190.000000000000000,Pelabuhan Perikanan Pantai (PPP),UPTD Provinsi,Operasional,PP. Pasongsongan,./0.png
112.457350000103,-6.88449999977439,148,191.000000000000000,Pelabuhan Perikanan Pantai (PPP),UPTD Kab/ Kota,Operasional,PP. Campurejo,./0.png
113.028161351666,-6.88186389080511,149,192.000000000000000,Pelabuhan Perikanan Swasta (PS),UPTD Kab/ Kota,Operasional,PP. Banyusangkah,./0.png
112.205080000243,-6.8827200004269,150,193.000000000000000,Pelabuhan Perikanan Pantai (PPP),UPTD Kab/ Kota,Operasional,PP. Labuhan - Lamongan,./0.png
109.74927410162,-6.87902507914328,151,194.000000000000000,Pangkalan Pendaratan Ikan (PPI),UPTD Provinsi,Operasional,PP. Klidang Lor,./0.png
112.453320000419,-6.87995000039137,152,195.000000000000000,Pelabuhan Perikanan Pantai (PPP),UPTD Kab/ Kota,Operasional,PP. Weru Komplek,./0.png
112.385880000263,-6.87579999966943,153,196.000000000000000,Pelabuhan Perikanan Pantai (PPP),UPTD Kab/ Kota,Operasional,PP. Kranji,./0.png
108.920019999724,-6.87419000006764,154,197.000000000000000,Pelabuhan Perikanan Pantai (PPP),UPTD Kab/ Kota,Operasional,PP. Kluwut,./0.png
109.268680000183,-6.87371000041537,155,198.000000000000000,Pelabuhan Perikanan Pantai (PPP),UPTD Kab/ Kota,Operasional,PP. Surodadi (Suradadi),./0.png
112.293609999903,-6.8697199998773,156,199.000000000000000,Pelabuhan Perikanan Nusantara (PPN),UPT Pusat,Operasional,PP. Brondong,./0.png
112.34311558132,-6.86740089473471,157,200.000000000000000,Pelabuhan Perikanan Pantai (PPP),UPTD Kab/ Kota,Operasional,PP. Paciran,./0.png
109.644139999962,-6.86715000007166,158,201.000000000000000,Pelabuhan Perikanan Pantai (PPP),UPTD Kab/ Kota,Operasional,PP. Jambean,./0.png
109.193600000241,-6.86261999981235,159,203.000000000000000,Pelabuhan Perikanan Pantai (PPP),UPTD Kab/ Kota,Operasional,PP. Larangan,./0.png
109.692499099555,-6.85500362521634,160,204.000000000000000,Pelabuhan Perikanan Nusantara (PPN),UPT Pusat,Operasional,PP. Pekalongan,./0.png
109.411241157754,-6.85147800310654,161,205.000000000000000,Pangkalan Pendaratan Ikan (PPI),UPTD Provinsi,Operasional,PP. Asem Doyong,./0.png
109.136376764377,-6.84774111765762,162,206.000000000000000,Pelabuhan Perikanan Pantai (PPP),UPTD Kab/ Kota,Operasional,PP. Kota Tegal,./0.png
109.128800000421,-6.8496299997239,163,207.000000000000000,Pangkalan Pendaratan Ikan (PPI),UPTD Provinsi,Operasional,PP. Tegalsari,./0.png
108.891830000155,-6.84792999956903,164,208.000000000000000,Pelabuhan Perikanan Pantai (PPP),UPTD Kab/ Kota,Operasional,PP. Krakahan,./0.png
120.793300000096,-6.84340999977087,165,209.000000000000000,Pelabuhan Perikanan Pantai (PPP),UPTD Kab/ Kota,Operasional,PP. Kayuadi,./0.png
109.593669999972,-6.84104999975688,166,211.000000000000000,Pelabuhan Perikanan Pantai (PPP),UPTD Kab/ Kota,Tidak Beroperasional,PP. Tasik Rejo,./0.png
108.947780000148,-6.8395699998548,167,212.000000000000000,Pelabuhan Perikanan Pantai (PPP),UPTD Kab/ Kota,Operasional,PP. Pulolampes,./0.png
105.883689998596,-6.83841999988226,168,213.000000000000000,Pelabuhan Perikanan Swasta (PS),UPTD Kab/ Kota,Operasional,PP. Binuangen,./0.png
105.882529999961,-6.83825000013661,169,214.000000000000000,Pelabuhan Perikanan Pantai (PPP),UPTD Kab/ Kota,Operasional,PP. Cikeusik,./0.png
112.008480000053,-6.82934000023999,170,215.000000000000000,Pelabuhan Perikanan Pantai (PPP),UPTD Kab/ Kota,Tidak Beroperasional,PP. Kaliuntu / Kalibuntu,./0.png
110.544819999844,-6.82146999973992,171,216.000000000000000,Pangkalan Pendaratan Ikan (PPI),UPTD Provinsi,Operasional,PP. Morodemak,./0.png
108.854780000298,-6.81770999991573,172,217.000000000000000,Pelabuhan Perikanan Pantai (PPP),UPTD Kab/ Kota,Tidak Beroperasional,PP. Prapag Kidul,./0.png
108.699715308416,-6.80801161744137,173,218.000000000000000,Pelabuhan Perikanan Pantai (PPP),UPTD Kab/ Kota,Operasional,PP. Ender,./0.png
108.80378999971,-6.81161000010064,174,219.000000000000000,Pelabuhan Perikanan Swasta (PS),UPTD Kab/ Kota,Operasional,PP. Ambulu,./0.png
109.52526000005,-6.81068999994272,175,220.000000000000000,Pelabuhan Perikanan Pantai (PPP),UPTD Kab/ Kota,Operasional,PP. Mojo,./0.png
109.018300000246,-6.80584999977685,176,222.000000000000000,Pelabuhan Perikanan Pantai (PPP),UPTD Kab/ Kota,Operasional,PP. Kaliwlingi,./0.png
110.615170000196,-6.7937300002385,177,223.000000000000000,Pelabuhan Perikanan Pantai (PPP),UPTD Kab/ Kota,Operasional,PP. Wedung,./0.png
111.892077101778,-6.79094091389123,178,224.000000000000000,Pelabuhan Perikanan Pantai (PPP),UPTD Kab/ Kota,Operasional,PP. Glondonggede,./0.png
108.611831024683,-6.76794434985106,179,225.000000000000000,Pelabuhan Perikanan Pantai (PPP),UPTD Kab/ Kota,Operasional,PP. Waru Duwur,./0.png
105.505000000051,-6.77421999985228,180,226.000000000000000,Pelabuhan Perikanan Pantai (PPP),UPTD Kab/ Kota,Operasional,PP. Tamanjaya,./0.png
111.725459998581,-6.77052999965895,181,227.000000000000000,Pelabuhan Perikanan Swasta (PS),UPTD Provinsi,Operasional,PP. Bulu Tuban,./0.png
108.600799999821,-6.76555999979337,182,228.000000000000000,Pelabuhan Perikanan Pantai (PPP),UPTD Kab/ Kota,Operasional,PP. Citemu,./0.png
108.60273413937,-6.76262436532141,183,229.000000000000000,Pelabuhan Perikanan Swasta (PS),UPTD Kab/ Kota,Operasional,PP. Bandengan,./0.png
111.671739999802,-6.73751999994721,184,230.000000000000000,Pelabuhan Perikanan Pantai (PPP),UPTD Kab/ Kota,Operasional,PP. Sarang,./0.png
108.583698089796,-6.7330039733539,185,231.000000000000000,Pelabuhan Perikanan Nusantara (PPN),UPT Pusat,Operasional,PP. Kejawanan,./0.png
108.576490000214,-6.72204000014506,186,232.000000000000000,Pelabuhan Perikanan Pantai (PPP),Koperasi,Operasional,PP. Cangkol,./0.png
110.629950000093,-6.70880999978084,187,233.000000000000000,Pelabuhan Perikanan Pantai (PPP),UPTD Kab/ Kota,Operasional,PP. Kedungmalang,./0.png
108.567850000178,-6.70621999995222,188,234.000000000000000,Pelabuhan Perikanan Pantai (PPP),Koperasi,Operasional,PP. Pesisir,./0.png
111.154640000037,-6.70527000020951,189,235.000000000000000,Pangkalan Pendaratan Ikan (PPI),UPTD Provinsi,Operasional,PP. Bajomulyo,./0.png
111.63206000007,-6.70330000019402,190,236.000000000000000,Pelabuhan Perikanan Pantai (PPP),UPTD Kab/ Kota,Operasional,PP. Karanganyar,./0.png
111.33765999991,-6.701000000249,191,237.000000000000000,Pangkalan Pendaratan Ikan (PPI),UPTD Provinsi,Operasional,PP. Tasik Agung,./0.png
111.328509999738,-6.70024999983684,192,238.000000000000000,Pelabuhan Perikanan Pantai (PPP),UPTD Kab/ Kota,Operasional,PP. Tanjung Sari,./0.png
111.235110000327,-6.69517000029447,193,239.000000000000000,Pelabuhan Perikanan Pantai (PPP),UPTD Kab/ Kota,Operasional,PP. Pecangan,./0.png
108.559840000417,-6.69365000034645,194,240.000000000000000,Pelabuhan Perikanan Pantai (PPP),UPTD Kab/ Kota,Operasional,PP. Kasenden,./0.png
110.636040000347,-6.67902999973387,195,241.000000000000000,Pelabuhan Perikanan Pantai (PPP),UPTD Kab/ Kota,Operasional,PP. Panggung,./0.png
111.591710000018,-6.66711999998722,196,242.000000000000000,Pelabuhan Perikanan Pantai (PPP),UPTD Kab/ Kota,Operasional,PP. Pandangan,./0.png
105.589749999864,-6.65205000020654,197,243.000000000000000,Pelabuhan Perikanan Pantai (PPP),UPTD Kab/ Kota,Operasional,PP. Sumur,./0.png
108.55266000026,-6.64856999980486,198,244.000000000000000,Pangkalan Pendaratan Ikan (PPI),UPTD Provinsi,Operasional,PP. Bondet,./0.png
108.525810000432,-6.62921999960247,199,245.000000000000000,Pelabuhan Perikanan Pantai (PPP),UPTD Kab/ Kota,Operasional,PP. Karang Reja,./0.png
111.489239999627,-6.62525999954852,200,246.000000000000000,Pelabuhan Perikanan Pantai (PPP),UPTD Kab/ Kota,Operasional,PP. Pangkalan,./0.png
110.656320000269,-6.5977299998388,201,247.000000000000000,Pelabuhan Perikanan Pantai (PPP),UPTD Kab/ Kota,Operasional,PP. Demaan,./0.png
110.653829999656,-6.59206000006816,202,248.000000000000000,Pelabuhan Perikanan Swasta (PS),UPTD Kab/ Kota,Operasional,PP. Bulu,./0.png
110.655970000316,-6.5841500004214,203,249.000000000000000,Pelabuhan Perikanan Pantai (PPP),UPTD Kab/ Kota,Operasional,PP. Jobokuto (Ujung Batu),./0.png
108.504439999707,-6.56886999994975,204,250.000000000000000,Pelabuhan Perikanan Pantai (PPP),UPTD Kab/ Kota,Operasional,PP. Bungko,./0.png
108.54383167859,-6.53876888527503,205,251.000000000000000,Pelabuhan Perikanan Pantai (PPP),UPTD Kab/ Kota,Operasional,PP. Bungko Lor,./0.png
111.059830000355,-6.54066000035795,206,252.000000000000000,Pelabuhan Perikanan Pantai (PPP),UPTD Kab/ Kota,Operasional,PP. Sambiroto,./0.png
134.097809999833,-6.5316199998623,207,253.000000000000000,Pelabuhan Perikanan Pantai (PPP),UPTD Kab/ Kota,Operasional,PP. Kalar Kalar,./0.png
110.680792609892,-6.52729694799496,208,254.000000000000000,Pelabuhan Perikanan Pantai (PPP),UPTD Kab/ Kota,Operasional,PP. Mlonggo,./0.png
105.800120000139,-6.48958000011612,209,255.000000000000000,Pelabuhan Perikanan Pantai (PPP),UPTD Kab/ Kota,Operasional,PP. Panimbang,./0.png
105.806489999815,-6.48502000027202,210,256.000000000000000,Pelabuhan Perikanan Pantai (PPP),UPTD Kab/ Kota,Operasional,PP. Sidamukti,./0.png
110.709170000296,-6.47527000030948,211,257.000000000000000,Pelabuhan Perikanan Swasta (PS),UPTD Kab/ Kota,Operasional,PP. Bondo,./0.png
110.975359999965,-6.41951000008561,212,260.000000000000000,Pelabuhan Perikanan Pantai (PPP),UPTD Kab/ Kota,Operasional,PP. Puncel,./0.png
110.872429999946,-6.40908999980286,213,262.000000000000000,Pelabuhan Perikanan Swasta (PS),UPTD Kab/ Kota,Operasional,PP. Bandungharjo,./0.png
105.822129999801,-6.37185999973838,214,263.000000000000000,Pangkalan Pendaratan Ikan (PPI),UPTD Provinsi,Operasional,PP. Labuan,./0.png
108.087379999788,-6.32440999962097,215,264.000000000000000,Pangkalan Pendaratan Ikan (PPI),UPTD Kab/ Kota,Operasional,PP. Eretan Wetan,./0.png
105.837430000295,-6.31705999971842,216,265.000000000000000,Pelabuhan Perikanan Pantai (PPP),UPTD Kab/ Kota,Operasional,PP. Sukanegara,./0.png
108.357149999974,-6.307380000286,217,266.000000000000000,Pelabuhan Perikanan Pantai (PPP),UPTD Kab/ Kota,Operasional,PP. Karangsong,./0.png
108.013549999934,-6.30182999975386,218,267.000000000000000,Pelabuhan Perikanan Pantai (PPP),UPTD Kab/ Kota,Operasional,PP. Sukahaji/Bugel,./0.png
108.219969999717,-6.30135000010159,219,268.000000000000000,Pelabuhan Perikanan Pantai (PPP),UPTD Kab/ Kota,Operasional,PP. Cangkring,./0.png
107.663150000173,-6.27038000003614,220,269.000000000000000,Pangkalan Pendaratan Ikan (PPI),UPTD Provinsi,Operasional,PP. Blanakan,./0.png
107.919629999926,-6.25137000022454,221,270.000000000000000,Pelabuhan Perikanan Pantai (PPP),UPTD Kab/ Kota,Operasional,PP. Genteng,./0.png
107.62873000019,-6.24183000005365,222,271.000000000000000,Pelabuhan Perikanan Pantai (PPP),UPTD Kab/ Kota,Operasional,PP. Rawameneng,./0.png
107.701140000212,-6.23684999972687,223,272.000000000000000,Pangkalan Pendaratan Ikan (PPI),UPTD Provinsi,Operasional,PP. Muara Ciasem,./0.png
105.831959999855,-6.23255999974339,224,273.000000000000000,Pelabuhan Perikanan Pantai (PPP),UPTD Kab/ Kota,Operasional,PP. Pasauran,./0.png
107.631299999996,-6.22491999995725,225,274.000000000000000,Pelabuhan Perikanan Pantai (PPP),UPTD Kab/ Kota,Operasional,PP. Cilamaya Girang,./0.png
107.620839999667,-6.21553000040836,226,275.000000000000000,Pelabuhan Perikanan Pantai (PPP),UPTD Kab/ Kota,Operasional,PP. Muara (Samudra Mina),./0.png
107.782170000246,-6.20958999987778,227,276.000000000000000,Pelabuhan Perikanan Pantai (PPP),UPTD Kab/ Kota,Operasional,PP. Mayangan (Subang),./0.png
107.561399999711,-6.18233000002868,228,277.000000000000000,Pelabuhan Perikanan Pantai (PPP),UPTD Kab/ Kota,Operasional,PP. Tangkolak,./0.png
107.548418637611,-6.17828344832168,229,278.000000000000000,Pelabuhan Perikanan Pantai (PPP),UPTD Kab/ Kota,Operasional,PP. Pasir Putih,./0.png
107.490700000306,-6.16010999967591,230,279.000000000000000,Pangkalan Pendaratan Ikan (PPI),UPTD Provinsi,Operasional,PP. Ciparage,./0.png
120.463029999636,-6.10872000042684,231,280.000000000000000,Pelabuhan Perikanan Swasta (PS),UPTD Kab/ Kota,Operasional,PP. Benteng/Bonehalang,./0.png
106.77565999971,-6.10604999960697,232,281.000000000000000,Pelabuhan Perikanan Nusantara (PPN),UPTD Kab/ Kota,Operasional,PP. Muara Angke,./0.png
106.919507957627,-6.10120238038473,233,282.000000000000000,Pelabuhan Perikanan Pantai (PPP),UPTD Kab/ Kota,Operasional,PP. Kalibaru,./0.png
105.881740000402,-6.09986000013811,234,283.000000000000000,Pelabuhan Perikanan Swasta (PS),UPTD Kab/ Kota,Operasional,PP. Anyer,./0.png
106.799529999711,-6.09922000030195,235,284.000000000000000,Pelabuhan Perikanan Samudera (PPS),UPT Pusat,Operasional,PP. Nizam Zachman Jakarta,./0.png
106.939729999841,-6.09842000028198,236,285.000000000000000,Pelabuhan Perikanan Pantai (PPP),UPTD Kab/ Kota,Operasional,PP. Cilincing,./0.png
106.725470000042,-6.09167000016959,237,286.000000000000000,Pelabuhan Perikanan Pantai (PPP),UPTD Kab/ Kota,Operasional,PP. Kamal Muara,./0.png
106.995030000435,-6.08867999988126,238,287.000000000000000,Pelabuhan Perikanan Pantai (PPP),UPTD Kab/ Kota,Operasional,PP. Pal Jaya,./0.png
107.416380000338,-6.06462000011209,239,288.000000000000000,Pelabuhan Perikanan Pantai (PPP),UPTD Kab/ Kota,Operasional,PP. Cemara,./0.png
107.411170000196,-6.05600999966094,240,289.000000000000000,Pelabuhan Perikanan Pantai (PPP),UPTD Kab/ Kota,Operasional,PP. Sungai Buntu,./0.png
106.427559999895,-6.05394000042986,241,290.000000000000000,Pelabuhan Perikanan Pantai (PPP),UPTD Kab/ Kota,Operasional,PP. Kronjo,./0.png
106.458799999821,-6.04052000029697,242,291.000000000000000,Pelabuhan Perikanan Pantai (PPP),UPTD Kab/ Kota,Operasional,PP. Lontar,./0.png
106.577539999572,-6.0329300001186,243,292.000000000000000,Pelabuhan Perikanan Pantai (PPP),UPTD Kab/ Kota,Operasional,PP. Cituis,./0.png
106.164445679825,-6.03091878327444,244,293.000000000000000,Pelabuhan Perikanan Nusantara (PPN),UPT Pusat,Operasional,PP. Karangantu,./0.png
106.996140000362,-6.02353000010862,245,294.000000000000000,Pelabuhan Perikanan Pantai (PPP),UPTD Kab/ Kota,Operasional,PP. Muara Jaya,./0.png
106.671039999997,-6.01872999998869,246,295.000000000000000,Pelabuhan Perikanan Pantai (PPP),UPTD Kab/ Kota,Operasional,PP. Tanjung Pasir,./0.png
106.377080000343,-6.00797999977635,247,296.000000000000000,Pelabuhan Perikanan Pantai (PPP),UPTD Kab/ Kota,Operasional,PP. Terate (Terale),./0.png
107.169729999741,-5.99397000031445,248,297.000000000000000,Pelabuhan Perikanan Pantai (PPP),UPTD Kab/ Kota,Operasional,PP. Tambaksari,./0.png
107.132639999837,-5.97714000030993,249,298.000000000000000,Pelabuhan Perikanan Pantai (PPP),UPTD Kab/ Kota,Tidak Beroperasional,PP. Tanjungpakis/Pakisjaya,./0.png
106.10431790265,-5.94448651703834,250,299.000000000000000,Pelabuhan Perikanan Pantai (PPP),UPTD Kab/ Kota,Operasional,PP. Wadas,./0.png
107.005779999748,-5.93576000042287,251,300.000000000000000,Pelabuhan Perikanan Pantai (PPP),UPTD Kab/ Kota,Operasional,PP. Muara Bendera,./0.png
106.102599999691,-5.92144999971691,252,301.000000000000000,Pelabuhan Perikanan Pantai (PPP),UPTD Kab/ Kota,Operasional,PP. Pulo Kali,./0.png
110.432219999954,-5.88045000026648,253,302.000000000000000,Pangkalan Pendaratan Ikan (PPI),UPTD Provinsi,Operasional,PP. Karimun Jawa,./0.png
105.766339999992,-5.85042999994374,254,303.000000000000000,Pelabuhan Perikanan Swasta (PS),UPTD Kab/ Kota,Operasional,PP. Kramat,./0.png
112.646599998592,-5.84694999954206,255,304.000000000000000,Pelabuhan Perikanan Swasta (PS),UPTD Provinsi,Operasional,PP. Bawean,./0.png
105.694010000062,-5.84630999970591,256,305.000000000000000,Pelabuhan Perikanan Pantai (PPP),UPTD Kab/ Kota,Operasional,PP. Muara Piluk Bakauheni,./0.png
105.646120000339,-5.83513000034844,257,306.000000000000000,Pelabuhan Perikanan Pantai (PPP),UPTD Kab/ Kota,Operasional,PP. Kunjir,./0.png
105.795449999719,-5.77110000006417,258,307.000000000000000,Pelabuhan Perikanan Pantai (PPP),UPTD Kab/ Kota,Operasional,PP. Ketapang,./0.png
134.216749999814,-5.75753999977036,259,308.000000000000000,Pelabuhan Perikanan Pantai (PPP),UPTD Kab/ Kota,Operasional,PP. Dobo,./0.png
105.083920000009,-5.7524099997209,260,309.000000000000000,Pelabuhan Perikanan Swasta (PS),UPTD Kab/ Kota,Tahap Perencanaan,PP. Penyandingan,./0.png
106.613630000125,-5.74318000035595,261,310.000000000000000,Pelabuhan Perikanan Pantai (PPP),UPTD Kab/ Kota,Operasional,PP. Pulau Pramuka,./0.png
105.589150000073,-5.74210999957603,262,311.000000000000000,Pelabuhan Perikanan Pantai (PPP),UPTD Kab/ Kota,Operasional,PP. Kalianda,./0.png
122.679830000155,-5.67024999973688,263,312.000000000000000,Pelabuhan Perikanan Pantai (PPP),UPTD Kab/ Kota,Operasional,PP. Sampolawa,./0.png
119.739639999787,-5.66593000016854,264,313.000000000000000,Pelabuhan Perikanan Pantai (PPP),UPTD Kab/ Kota,Operasional,PP. Jeneponto (Tanru Sampe),./0.png
104.881030000235,-5.65990999954602,265,314.000000000000000,Pelabuhan Perikanan Pantai (PPP),UPTD Kab/ Kota,Tidak Beroperasional,PP. Putih Doh,./0.png
104.307140000412,-5.63391999980735,266,315.000000000000000,Pelabuhan Perikanan Swasta (PS),UPTD Kab/ Kota,Operasional,PP. Bengkunat,./0.png
104.8301300002,-5.62225000033646,267,316.000000000000000,Pelabuhan Perikanan Swasta (PS),UPTD Kab/ Kota,Operasional,PP. Badak,./0.png
132.740970000067,-5.61638999989776,268,317.000000000000000,Pelabuhan Perikanan Nusantara (PPN),UPT Pusat,Operasional,PP. Tual,./0.png
104.796069999732,-5.60981999999217,269,318.000000000000000,Pelabuhan Perikanan Pantai (PPP),UPTD Kab/ Kota,Operasional,PP. Tegineneng,./0.png
104.555419999734,-5.58350999988579,270,319.000000000000000,Pelabuhan Perikanan Pantai (PPP),UPTD Kab/ Kota,Operasional,PP. Guring,./0.png
114.39418999997,-5.56388000026101,271,320.000000000000000,Pelabuhan Perikanan Pantai (PPP),UPTD Kab/ Kota,Operasional,PP. Masalembu,./0.png
138.126210000192,-5.54251999999718,272,321.000000000000000,Pelabuhan Perikanan Pantai (PPP),UPTD Kab/ Kota,Operasional,PP. Omor,./0.png
120.366319999569,-5.53669999960448,273,322.000000000000000,Pelabuhan Perikanan Swasta (PS),UPTD Kab/ Kota,Operasional,PP. Bonto Bahari Bulukumba,./0.png
104.539249999589,-5.5281700001446,274,323.000000000000000,Pelabuhan Perikanan Pantai (PPP),UPTD Kab/ Kota,Operasional,PP. Karanganyer,./0.png
105.353079999943,-5.52669999980435,275,324.000000000000000,Pelabuhan Perikanan Pantai (PPP),UPTD Kab/ Kota,Operasional,PP. Rangai,./0.png
122.853670000271,-5.52601000036043,276,325.000000000000000,Pelabuhan Perikanan Pantai (PPP),UPTD Kab/ Kota,Operasional,PP. Pasar Wajo,./0.png
105.260129999701,-5.51232000036691,277,326.000000000000000,Pelabuhan Perikanan Pantai (PPP),UPTD Kab/ Kota,Operasional,PP. Durian,./0.png
104.62053000036,-5.4994500004164,278,327.000000000000000,Pangkalan Pendaratan Ikan (PPI),UPTD Provinsi,Operasional,PP. Kota Agung,./0.png
119.415969999717,-5.4912999995945,279,328.000000000000000,Pelabuhan Perikanan Swasta (PS),UPTD Kab/ Kota,Operasional,PP. Beba,./0.png
122.591490000264,-5.46046999968991,280,329.000000000000000,Pelabuhan Perikanan Pantai (PPP),UPTD Kab/ Kota,Operasional,PP. Wameo,./0.png
105.819729999741,-5.35864000003517,281,330.000000000000000,Pangkalan Pendaratan Ikan (PPI),UPTD Provinsi,Operasional,PP. Labuhan Maringgai,./0.png
105.862539999922,-5.2544700003894,282,331.000000000000000,Pelabuhan Perikanan Pantai (PPP),UPTD Kab/ Kota,Operasional,PP. Kuala Penet,./0.png
119.383229999866,-5.20425000023653,283,332.000000000000000,Pelabuhan Perikanan Swasta (PS),UPTD Kab/ Kota,Operasional,PP. Barombong,./0.png
103.931839999917,-5.18779000020754,284,333.000000000000000,Pelabuhan Perikanan Pantai (PPP),UPTD Kab/ Kota,Operasional,PP. Kuala Stabas,./0.png
120.271420000234,-5.10686999984978,285,334.000000000000000,Pelabuhan Perikanan Pantai (PPP),UPTD Kab/ Kota,Operasional,PP. Lappa,./0.png
119.470889999875,-5.06475999957354,286,335.000000000000000,Pelabuhan Perikanan Pantai (PPP),UPTD Provinsi,Operasional,PP. Untia,./0.png
119.570439999607,-5.01013999976038,287,336.000000000000000,Pelabuhan Perikanan Pantai (PPP),UPTD Kab/ Kota,Operasional,PP. Labuang,./0.png
119.520220000354,-4.9327399998503,288,337.000000000000000,Pelabuhan Perikanan Swasta (PS),UPTD Kab/ Kota,Operasional,PP. Bonto Bahari Maros,./0.png
122.724029999686,-4.84195000029149,289,338.000000000000000,Pelabuhan Perikanan Pantai (PPP),UPTD Kab/ Kota,Operasional,PP. Laino,./0.png
103.347669999972,-4.80014000035993,290,339.000000000000000,Pelabuhan Perikanan Pantai (PPP),UPTD Kab/ Kota,Tahap Perencanaan,PP. Pasar Lama,./0.png
119.491749999564,-4.77397000041435,291,340.000000000000000,Pelabuhan Perikanan Pantai (PPP),UPTD Kab/ Kota,Operasional,PP. Maccinibaji,./0.png
105.859450000418,-4.63357999961647,292,341.000000000000000,Pelabuhan Perikanan Pantai (PPP),UPTD Kab/ Kota,Tidak Beroperasional,PP. Cabang,./0.png
129.922959999805,-4.54361000010061,293,342.000000000000000,Pelabuhan Perikanan Swasta (PS),UPTD Kab/ Kota,Operasional,PP. Banda,./0.png
131.680630000175,-4.51270000010413,294,343.000000000000000,Pelabuhan Perikanan Pantai (PPP),UPTD Kab/ Kota,Operasional,PP. Tamher Timur,./0.png
119.59606000027,-4.48407999959147,295,344.000000000000000,Pelabuhan Perikanan Pantai (PPP),UPTD Kab/ Kota,Operasional,PP. Polejiwa,./0.png
102.902800000021,-4.47791000014558,296,345.000000000000000,Pelabuhan Perikanan Pantai (PPP),UPTD Kab/ Kota,Operasional,PP. Pasar Bawah/Manna,./0.png
122.452879999713,-4.44423999967546,297,346.000000000000000,Pelabuhan Perikanan Pantai (PPP),UPTD Kab/ Kota,Operasional,PP. Torobulu,./0.png
119.607749999764,-4.40642999984379,298,347.000000000000000,Pelabuhan Perikanan Pantai (PPP),UPTD Kab/ Kota,Operasional,PP. Sumpang Binangae,./0.png
105.793279998574,-4.346920000257,299,348.000000000000000,Pangkalan Pendaratan Ikan (PPI),UPTD Provinsi,Operasional,PP. Teladas,./0.png
102.766579999968,-4.31460999955101,300,349.000000000000000,Pelabuhan Perikanan Pantai (PPP),UPTD Kab/ Kota,Operasional,PP. Muara Maras,./0.png
114.925739999702,-4.05416000018306,301,350.000000000000000,Pelabuhan Perikanan Pantai (PPP),UPTD Kab/ Kota,Operasional,PP. Jorong/Swarangan,./0.png
119.597099999666,-4.0432099997409,302,351.000000000000000,Pelabuhan Perikanan Pantai (PPP),UPTD Kab/ Kota,Operasional,PP. Lero,./0.png
121.515279999673,-4.02282000014208,303,352.000000000000000,Pelabuhan Perikanan Pantai (PPP),UPTD Kab/ Kota,Operasional,PP. Mangolo,./0.png
119.628370000077,-4.0027500000117,304,353.000000000000000,Pelabuhan Perikanan Pantai (PPP),UPTD Kab/ Kota,Operasional,PP. Cempae,./0.png
122.572699999806,-3.98142999979382,305,354.000000000000000,Pelabuhan Perikanan Samudera (PPS),UPT Pusat,Operasional,PP. Kendari,./0.png
122.572249999739,-3.97099000038742,306,355.000000000000000,Pelabuhan Perikanan Pantai (PPP),UPTD Kab/ Kota,Operasional,PP. Sodohoa,./0.png
115.259150000173,-3.90345999967843,307,356.000000000000000,Pelabuhan Perikanan Pantai (PPP),UPTD Provinsi,Operasional,PP. Muara Kintap,./0.png
128.134960000105,-3.7372899998328,308,357.000000000000000,Pelabuhan Perikanan Pantai (PPP),UPTD Kab/ Kota,Operasional,PP. Eri,./0.png
102.24065999996,-3.68269000004267,309,358.000000000000000,Pelabuhan Perikanan Pantai (PPP),UPTD Kab/ Kota,Operasional,PP. Pondok Kelapa (Sungai Lemau),./0.png
127.952150000024,-3.66514000011011,310,359.000000000000000,Pelabuhan Perikanan Pantai (PPP),UPTD Kab/ Kota,Operasional,PP. Leihitu,./0.png
120.411699999556,-3.64123000006362,311,360.000000000000000,Pelabuhan Perikanan Swasta (PS),UPTD Kab/ Kota,Operasional,PP. Bonepute,./0.png
128.631420000434,-3.61204999980686,312,361.000000000000000,Pelabuhan Perikanan Pantai (PPP),UPTD Kab/ Kota,Operasional,PP. Haria,./0.png
128.331620000364,-3.58852999975886,313,362.000000000000000,Pelabuhan Perikanan Pantai (PPP),UPTD Kab/ Kota,Operasional,PP. Salahutu,./0.png
102.12526000045,-3.58464000023503,314,363.000000000000000,Pelabuhan Perikanan Swasta (PS),UPTD Kab/ Kota,Operasional,PP. Air Napal,./0.png
118.944679999983,-3.56666000025797,315,364.000000000000000,Pelabuhan Perikanan Swasta (PS),UPTD Kab/ Kota,Operasional,PP. Banggae,./0.png
133.669819998595,-3.53477000003465,316,365.000000000000000,Pelabuhan Perikanan Swasta (PS),UPTD Kab/ Kota,Tahap Perencanaan,PP. Coa Kaimana,./0.png
122.273489999965,-3.48639000019756,317,366.000000000000000,Pelabuhan Perikanan Pantai (PPP),UPTD Kab/ Kota,Operasional,PP. Lasolo,./0.png
119.339459998581,-3.43235999971341,318,367.000000000000000,Pelabuhan Perikanan Pantai (PPP),UPTD Kab/ Kota,Operasional,PP. Lantora,./0.png
116.010949999844,-3.42395000039141,319,368.000000000000000,Pelabuhan Perikanan Swasta (PS),UPTD Kab/ Kota,Operasional,PP. Batulicin,./0.png
105.882630000075,-3.41632999972887,320,369.000000000000000,Pelabuhan Perikanan Pantai (PPP),UPTD Kab/ Kota,Operasional,PP. Sungai Lumpur,./0.png
127.126140000062,-3.3820299998838,321,370.000000000000000,Pelabuhan Perikanan Pantai (PPP),UPTD Kab/ Kota,Operasional,PP. Masarete,./0.png
112.553420000334,-3.37870000010412,322,371.000000000000000,Pelabuhan Perikanan Pantai (PPP),UPTD Kab/ Kota,Operasional,PP. Kuala Pembuang,./0.png
118.845830000156,-3.37695000034142,323,372.000000000000000,Pelabuhan Perikanan Pantai (PPP),UPTD Provinsi,Operasional,PP. Palipi,./0.png
129.527300000196,-3.35709999956453,324,373.000000000000000,Pelabuhan Perikanan Pantai (PPP),UPTD Kab/ Kota,Operasional,PP. Tehoru,./0.png
114.561850000178,-3.32024000037489,325,374.000000000000000,Pelabuhan Perikanan Swasta (PS),UPTD Provinsi,Operasional,PP. Banjarmasin,./0.png
128.953609999703,-3.29664999979684,326,375.000000000000000,Pelabuhan Perikanan Pantai (PPP),UPTD Kab/ Kota,Operasional,PP. Masohi,./0.png
116.15798999974,-3.28642999974386,327,376.000000000000000,Pelabuhan Perikanan Pantai (PPP),UPTD Kab/ Kota,Operasional,PP. Kotabaru/Saijaan,./0.png
114.098750000413,-3.23708000014108,328,377.000000000000000,Pelabuhan Perikanan Swasta (PS),UPTD Kab/ Kota,Operasional,PP. Bahaur,./0.png
120.258410000122,-3.089089999603,329,378.000000000000000,Pelabuhan Perikanan Swasta (PS),UPTD Kab/ Kota,Operasional,PP. Balambang,./0.png
112.968800000121,-3.06900000034892,330,379.000000000000000,Pelabuhan Perikanan Pantai (PPP),UPTD Kab/ Kota,Operasional,PP. Ujung Pandaran,./0.png
128.179049999959,-3.06496000020303,331,380.000000000000000,Pelabuhan Perikanan Pantai (PPP),UPTD Kab/ Kota,Operasional,PP. Piru,./0.png
104.774029999586,-3.02763999958552,332,381.000000000000000,Pelabuhan Perikanan Pantai (PPP),UPTD Kab/ Kota,Operasional,PP. Jakabaring,./0.png
120.207900000086,-2.98877000033445,333,382.000000000000000,Pelabuhan Perikanan Pantai (PPP),UPTD Kab/ Kota,Operasional,PP. Pontap,./0.png
110.738830000205,-2.98401000026047,334,383.000000000000000,Pelabuhan Perikanan Pantai (PPP),UPTD Kab/ Kota,Operasional,PP. Kuala Jelai,./0.png
106.650510000237,-2.97625999989828,335,384.000000000000000,Pelabuhan Perikanan Pantai (PPP),UPTD Kab/ Kota,Operasional,PP. Sadai,./0.png
108.172980000128,-2.96913000024853,336,385.000000000000000,Pelabuhan Perikanan Pantai (PPP),UPTD Kab/ Kota,Operasional,PP. Gantung,./0.png
132.270229999616,-2.92689999983429,337,386.000000000000000,Pelabuhan Perikanan Pantai (PPP),UPTD Kab/ Kota,Operasional,PP. Dulan Pok-pok,./0.png
100.200070000031,-2.7750500002565,338,387.000000000000000,Pelabuhan Perikanan Swasta (PS),UPTD Provinsi,Operasional,PP. Sikakap,./0.png
111.72231999857,-2.74597999967642,339,388.000000000000000,Pelabuhan Perikanan Pantai (PPP),UPTD Kab/ Kota,Operasional,PP. Kumai,./0.png
101.322479999753,-2.73891000009559,340,389.000000000000000,Pelabuhan Perikanan Pantai (PPP),UPTD Kab/ Kota,Operasional,PP. Pasar Bantal,./0.png
136.070399999861,-2.70311000032547,341,390.000000000000000,Pelabuhan Perikanan Pantai (PPP),UPTD Kab/ Kota,Operasional,PP. Waropen,./0.png
121.0402599997,-2.67185000037642,342,391.000000000000000,Pelabuhan Perikanan Pantai (PPP),UPTD Kab/ Kota,Operasional,PP. Malili,./0.png
118.893610000202,-2.66804000004515,343,392.000000000000000,Pelabuhan Perikanan Pantai (PPP),UPTD Provinsi,Operasional,PP. Kasiwa (Kasiwah),./0.png
134.485089999705,-2.65174000020005,344,393.000000000000000,Pelabuhan Perikanan Pantai (PPP),UPTD Kab/ Kota,Operasional,PP. Dotir,./0.png
121.933150000074,-2.47357999961645,345,394.000000000000000,Pelabuhan Perikanan Pantai (PPP),UPTD Kab/ Kota,Operasional,PP. Bungku,./0.png
140.36765999981,-2.46166000030797,346,395.000000000000000,Pelabuhan Perikanan Pantai (PPP),UPTD Kab/ Kota,Operasional,PP. Waiya Depapre,./0.png
104.890680000083,-2.36614000025997,347,396.000000000000000,Pelabuhan Perikanan Pantai (PPP),UPTD Provinsi,Operasional,PP. Sungsang,./0.png
106.23493000022,-2.33078999965795,348,397.000000000000000,Pelabuhan Perikanan Pantai (PPP),UPTD Kab/ Kota,Operasional,PP. Kurau,./0.png
133.531269999912,-2.11732000031697,349,398.000000000000000,Pelabuhan Perikanan Swasta (PS),UPTD Kab/ Kota,Operasional,PP. Bintuni,./0.png
106.15378999961,-2.08619999962946,350,399.000000000000000,Pelabuhan Perikanan Pantai (PPP),UPTD Kab/ Kota,Operasional,PP. Muara Sungai Baturusa,./0.png
106.125149999974,-1.86393999963047,351,400.000000000000000,Pelabuhan Perikanan Nusantara (PPN),UPT Pusat,Operasional,PP. Sungailiat,./0.png
114.834529999661,-1.71652999975885,352,401.000000000000000,Pelabuhan Perikanan Swasta (PS),UPTD Kab/ Kota,Operasional,PP. Bontok (Buntok),./0.png
100.69926000035,-1.68298000032593,353,402.000000000000000,Pelabuhan Perikanan Pantai (PPP),UPTD Kab/ Kota,Operasional,PP. Pasar Kambang (Kambang),./0.png
122.101129999751,-1.60973999980035,354,403.000000000000000,Pelabuhan Perikanan Pantai (PPP),UPTD Kab/ Kota,Operasional,PP. Rata/Toili Barat,./0.png
108.797749999964,-1.58143000009363,355,404.000000000000000,Pelabuhan Perikanan Swasta (PS),UPTD Kab/ Kota,Operasional,PP. Betok/Betok Karimana,./0.png
131.97298999979,-1.47548000020106,356,405.000000000000000,Pelabuhan Perikanan Pantai (PPP),UPTD Kab/ Kota,Operasional,PP. Wersar,./0.png
100.569889999625,-1.34932000001714,357,406.000000000000000,Pelabuhan Perikanan Pantai (PPP),UPTD Provinsi,Operasional,PP. Carocok (Tarusan),./0.png
109.949850000078,-1.24214999962197,358,407.000000000000000,Pelabuhan Perikanan Pantai (PPP),UPTD Kab/ Kota,Operasional,PP. Sukadana,./0.png
116.813299999596,-1.23875999977338,359,408.000000000000000,Pelabuhan Perikanan Pantai (PPP),UPTD Kab/ Kota,Operasional,PP. Kampung Baru Tengah,./0.png
116.813570000356,-1.23842000028196,360,409.000000000000000,Pelabuhan Perikanan Pantai (PPP),UPTD Kab/ Kota,Operasional,PP. Filial Klandasan,./0.png
116.973329999581,-1.21451999979735,361,410.000000000000000,Pelabuhan Perikanan Pantai (PPP),UPTD Kab/ Kota,Operasional,PP. Manggar Baru,./0.png
109.68346000018,-1.21285999968842,362,411.000000000000000,Pelabuhan Perikanan Pantai (PPP),UPTD Kab/ Kota,Operasional,PP. Tanjung Satai,./0.png
136.083019999974,-1.18615000002166,363,412.000000000000000,Pelabuhan Perikanan Pantai (PPP),UPTD Kab/ Kota,Operasional,PP. Fandoi,./0.png
131.226819999844,-1.12525999974838,364,413.000000000000000,Pelabuhan Perikanan Pantai (PPP),UPTD Kab/ Kota,Operasional,PP. Katapop,./0.png
103.807170000096,-1.059769999585,365,414.000000000000000,Pelabuhan Perikanan Pantai (PPP),UPTD Kab/ Kota,Operasional,PP. Teluk Majelis,./0.png
122.792800000021,-0.958160000183057,366,415.000000000000000,Pelabuhan Perikanan Pantai (PPP),UPTD Kab/ Kota,Operasional,PP. Luwuk,./0.png
122.788280000223,-0.954469999989669,367,416.000000000000000,Pelabuhan Perikanan Pantai (PPP),UPTD Kab/ Kota,Operasional,PP. Kolonedale,./0.png
131.262889998576,-0.88394999989174,368,417.000000000000000,Pelabuhan Perikanan Pantai (PPP),UPTD Kab/ Kota,Operasional,PP. Klademak,./0.png
131.254879999713,-0.878659999658453,369,418.000000000000000,Pelabuhan Perikanan Swasta (PS),UPTD Provinsi,Operasional,PP. Sorong,./0.png
134.060729998592,-0.873290000232487,370,419.000000000000000,Pelabuhan Perikanan Pantai (PPP),UPTD Kab/ Kota,Operasional,PP. Sanggeng,./0.png
120.207639999787,-0.851040000294972,371,420.000000000000000,Pelabuhan Perikanan Swasta (PS),UPTD Kab/ Kota,Operasional,PP. Boyantongo,./0.png
100.295420000334,-0.810180000106129,372,421.000000000000000,Pelabuhan Perikanan Pantai (PPP),UPTD Kab/ Kota,Operasional,PP. Muara Anai,./0.png
103.479580000018,-0.80708000014107,373,422.000000000000000,Pelabuhan Perikanan Pantai (PPP),UPTD Provinsi,Operasional,PP. Kuala Tungkal,./0.png
122.646970000166,-0.792189999667926,374,423.000000000000000,Pelabuhan Perikanan Pantai (PPP),UPTD Provinsi,Operasional,PP. Pagimana,./0.png
120.134899999836,-0.775599999939232,375,424.000000000000000,Pelabuhan Perikanan Pantai (PPP),UPTD Kab/ Kota,Operasional,PP. Petapa,./0.png
127.457169999597,-0.692169999844793,376,425.000000000000000,Pangkalan Pendaratan Ikan (PPI),UPTD Provinsi,Operasional,PP. Bacan,./0.png
119.741319999919,-0.662799999819299,377,426.000000000000000,Pelabuhan Perikanan Pantai (PPP),UPTD Provinsi,Operasional,PP. Donggala,./0.png
117.157549999934,-0.510939999780362,378,427.000000000000000,Pelabuhan Perikanan Pantai (PPP),UPTD Kab/ Kota,Operasional,PP. Selili,./0.png
117.154510000037,-0.472399999559514,379,428.000000000000000,Pelabuhan Perikanan Swasta (PS),UPTD Kab/ Kota,Operasional,PP. Api-Api,./0.png
120.064040000247,-0.470219999752373,380,429.000000000000000,Pelabuhan Perikanan Pantai (PPP),UPTD Provinsi,Operasional,PP. Paranggi,./0.png
117.428969999767,-0.401580000016168,381,430.000000000000000,Pelabuhan Perikanan Pantai (PPP),UPTD Kab/ Kota,Operasional,PP. Kota Bangun,./0.png
122.05445999963,-0.270819999942205,382,431.000000000000000,Pelabuhan Perikanan Pantai (PPP),UPTD Kab/ Kota,Operasional,PP. Malenge,./0.png
99.80526000005,-0.270810000380379,383,432.000000000000000,Pelabuhan Perikanan Pantai (PPP),UPTD Kab/ Kota,Operasional,PP. Tiku,./0.png
119.827520000049,-0.110819999542514,384,433.000000000000000,Pelabuhan Perikanan Pantai (PPP),UPTD Kab/ Kota,Operasional,PP. Labean,./0.png
109.202909999698,-0.098980000325923,385,434.000000000000000,Pelabuhan Perikanan Pantai (PPP),UPTD Kab/ Kota,Operasional,PP. Muara Kubu,./0.png
109.176819999844,-0.062929999818834,386,435.000000000000000,Pelabuhan Perikanan Pantai (PPP),UPTD Kab/ Kota,Operasional,PP. Sungai Kakap,./0.png
98.2825699999066,-0.052760000272997,387,436.000000000000000,Pelabuhan Perikanan Swasta (PS),UPTD Provinsi,Operasional,PP. Pulo Tello,./0.png
109.321579999818,-0.007879999961233,388,437.000000000000000,Pelabuhan Perikanan Pantai (PPP),UPTD Kab/ Kota,Operasional,PP. Sungai Jawi,./0.png
99.692479999953,0.00847999995284,389,438.000000000000000,Pelabuhan Perikanan Pantai (PPP),UPTD Kab/ Kota,Operasional,PP. Sasak,./0.png
117.490219999554,0.150300000145705,390,439.000000000000000,Pelabuhan Perikanan Pantai (PPP),UPTD Kab/ Kota,Operasional,PP. Tanjung Limau Bontang,./0.png
99.3814399995574,0.200620000413494,391,440.000000000000000,Pelabuhan Perikanan Swasta (PS),UPTD Kab/ Kota,Operasional,PP. Air Bangih (Aia Bangih),./0.png
109.072329999831,0.276180000007798,392,441.000000000000000,Pelabuhan Perikanan Pantai (PPP),UPTD Kab/ Kota,Operasional,PP. Sungai Pinyuh,./0.png
109.03673000029,0.294180000007827,393,442.000000000000000,Pelabuhan Perikanan Swasta (PS),UPTD Kab/ Kota,Operasional,PP. Bakau Besar,./0.png
103.61233000013,0.300130000100239,394,443.000000000000000,Pelabuhan Perikanan Pantai (PPP),UPTD Kab/ Kota,Operasional,PP. Sungai Guntung,./0.png
109.007710000217,0.303700000155686,395,444.000000000000000,Pelabuhan Perikanan Pantai (PPP),UPTD Kab/ Kota,Operasional,PP. Kuala Mempawah,./0.png
109.008040000147,0.304689999944344,396,445.000000000000000,Pelabuhan Perikanan Swasta (PS),UPTD Kab/ Kota,Operasional,PP. Bakau Kecil,./0.png
127.881600000341,0.335419999734029,397,446.000000000000000,Pelabuhan Perikanan Pantai (PPP),UPTD Kab/ Kota,Operasional,PP. Weda,./0.png
123.916929999921,0.351250000388006,398,447.000000000000000,Pelabuhan Perikanan Swasta (PS),UPTD Kab/ Kota,Operasional,PP. Bolang Uki,./0.png
123.919579999818,0.356300000345584,399,448.000000000000000,Pelabuhan Perikanan Pantai (PPP),UPTD Kab/ Kota,Operasional,PP. Dodepo,./0.png
123.2222599998,0.362719999629121,400,449.000000000000000,Pelabuhan Perikanan Pantai (PPP),UPTD Kab/ Kota,Operasional,PP. Tongo,./0.png
120.295230000165,0.405290000433979,401,450.000000000000000,Pelabuhan Perikanan Swasta (PS),UPTD Kab/ Kota,Operasional,PP. Tinombo,./0.png
120.959050000358,0.415979999678086,402,451.000000000000000,Pelabuhan Perikanan Swasta (PS),UPTD Kab/ Kota,Operasional,PP. Bolano,./0.png
121.233639999787,0.459099999766011,403,452.000000000000000,Pelabuhan Perikanan Pantai (PPP),UPTD Kab/ Kota,Operasional,PP. Moutong,./0.png
123.105450000019,0.468929999820432,404,453.000000000000000,Pelabuhan Perikanan Pantai (PPP),UPTD Kab/ Kota,Operasional,PP. Inengo,./0.png
117.605780000148,0.488289999584651,405,454.000000000000000,Pelabuhan Perikanan Pantai (PPP),UPTD Kab/ Kota,Operasional,PP. Sangatta,./0.png
120.717469999742,0.488429999745506,406,455.000000000000000,Pelabuhan Perikanan Pantai (PPP),UPTD Kab/ Kota,Operasional,PP. Ogotion,./0.png
121.655639999987,0.503550000033272,407,456.000000000000000,Pelabuhan Perikanan Pantai (PPP),UPTD Kab/ Kota,Operasional,PP. Wanggarasi Timur (Wonggarasi Timur),./0.png
123.060000000401,0.51052999996034,408,457.000000000000000,Pelabuhan Perikanan Pantai (PPP),UPTD Kab/ Kota,Operasional,PP. Tenda,./0.png
108.928349999854,0.562069999831465,409,458.000000000000000,Pelabuhan Perikanan Pantai (PPP),UPTD Kab/ Kota,Operasional,PP. Sungai Duri,./0.png
124.546820000244,0.621759999625112,410,459.000000000000000,Pelabuhan Perikanan Swasta (PS),UPTD Kab/ Kota,Tahap Perencanaan,PP. Jiko,./0.png
127.454960000205,0.684820000143702,411,460.000000000000000,Pelabuhan Perikanan Pantai (PPP),UPTD Kab/ Kota,Operasional,PP. Goto,./0.png
108.708679999683,0.745960000254627,412,461.000000000000000,Pelabuhan Perikanan Pantai (PPP),UPTD Kab/ Kota,Operasional,PP. Lemukutan,./0.png
127.377629999926,0.767410000172219,413,462.000000000000000,Pelabuhan Perikanan Nusantara (PPN),UPT Pusat,Operasional,PP. Ternate,./0.png
108.860269999862,0.791550000033283,414,463.000000000000000,Pelabuhan Perikanan Pantai (PPP),UPTD Kab/ Kota,Operasional,PP. Teluk Suak,./0.png
103.779429999696,0.794620000413488,415,464.000000000000000,Pelabuhan Perikanan Pantai (PPP),UPTD Kab/ Kota,Operasional,PP. Moro,./0.png
127.388870000251,0.813980000177708,416,465.000000000000000,Pelabuhan Perikanan Pantai (PPP),UPTD Kab/ Kota,Operasional,PP. Dufa-Dufa,./0.png
123.947160000035,0.833640000286607,417,466.000000000000000,Pelabuhan Perikanan Pantai (PPP),UPTD Kab/ Kota,Operasional,PP. Labuan Uki,./0.png
104.61113000035,0.852220000053762,418,467.000000000000000,Pelabuhan Perikanan Pantai (PPP),UPTD Kab/ Kota,Operasional,PP. Kijang,./0.png
122.897479999803,0.85341999963407,419,468.000000000000000,Pelabuhan Perikanan Nusantara (PPN),UPT Pusat,Operasional,PP. Kwandang,./0.png
108.965940000332,0.919680000232631,420,469.000000000000000,Pelabuhan Perikanan Pantai (PPP),UPTD Kab/ Kota,Operasional,PP. Kuala Singkawang,./0.png
123.037470000141,0.932089999654579,421,470.000000000000000,Pelabuhan Perikanan Pantai (PPP),UPTD Kab/ Kota,Operasional,PP. Gentuma,./0.png
104.444410000322,0.934199999830923,422,471.000000000000000,Pelabuhan Perikanan Pantai (PPP),UPTD Kab/ Kota,Operasional,PP. Dompak,./0.png
124.783089999705,0.936419999684063,423,472.000000000000000,Pelabuhan Perikanan Swasta (PS),UPTD Kab/ Kota,Operasional,PP. Belang,./0.png
120.25439,0.957019999973852,424,473.000000000000000,Pelabuhan Perikanan Pantai (PPP),UPTD Kab/ Kota,Operasional,PP. Ogotua,./0.png
104.056070000131,0.976579999967839,425,474.000000000000000,Pelabuhan Perikanan Swasta (PS),Swasta,Operasional,PP. Barelang,./0.png
120.809270000012,1.03066999962158,426,476.000000000000000,Pelabuhan Perikanan Pantai (PPP),UPTD Kab/ Kota,Operasional,PP. Tandoleo,./0.png
108.972160000285,1.05717000039601,427,478.000000000000000,Pelabuhan Perikanan Pantai (PPP),UPTD Kab/ Kota,Operasional,PP. Selakau,./0.png
125.030810000182,1.17074000005181,428,479.000000000000000,Pelabuhan Perikanan Swasta (PS),UPTD Kab/ Kota,Operasional,PP. Atep Oki,./0.png
124.560869999752,1.18697000026611,429,480.000000000000000,Pelabuhan Perikanan Swasta (PS),UPTD Kab/ Kota,Operasional,PP. Amurang,./0.png
121.413889999625,1.237779999748,430,481.000000000000000,Pelabuhan Perikanan Pantai (PPP),UPTD Kab/ Kota,Operasional,PP. Kumalingon,./0.png
125.208300000446,1.44648000035255,431,482.000000000000000,Pelabuhan Perikanan Samudera (PPS),UPT Pusat,Operasional,PP. Bitung,./0.png
124.819579999818,1.46064999999834,432,483.000000000000000,Pelabuhan Perikanan Pantai (PPP),UPTD Kab/ Kota,Operasional,PP. Tanjung Sidupa,./0.png
124.841100000266,1.4972200002037,433,484.000000000000000,Pelabuhan Perikanan Pantai (PPP),UPTD Kab/ Kota,Operasional,PP. Calaca,./0.png
124.842009999963,1.52337000012625,434,485.000000000000000,Pangkalan Pendaratan Ikan (PPI),UPTD Provinsi,Operasional,PP. Tumumpa,./0.png
125.059699999656,1.67418999986944,435,486.000000000000000,Pelabuhan Perikanan Pantai (PPP),UPTD Kab/ Kota,Operasional,PP. Likupang,./0.png
98.7956899995949,1.71979999967107,436,488.000000000000000,Pelabuhan Perikanan Nusantara (PPN),UPT Pusat,Operasional,PP. Sibolga,./0.png
109.318749999714,1.74119000041901,437,489.000000000000000,Pelabuhan Perikanan Pantai (PPP),UPTD Kab/ Kota,Operasional,PP. Liku,./0.png
127.582509999738,1.76127000011127,438,490.000000000000000,Pelabuhan Perikanan Pantai (PPP),UPTD Kab/ Kota,Operasional,PP. Loloda,./0.png
98.5651900000195,1.87140000031059,439,491.000000000000000,Pelabuhan Perikanan Pantai (PPP),UPTD Provinsi,Operasional,PP. Sorkam,./0.png
109.586679999583,1.9902000001307,440,492.000000000000000,Pelabuhan Perikanan Pantai (PPP),UPTD Kab/ Kota,Operasional,PP. Temajuk/Desa Temajok,./0.png
117.50418999987,2.17876000007476,441,493.000000000000000,Pelabuhan Perikanan Pantai (PPP),UPTD Kab/ Kota,Operasional,PP. Sambaliung,./0.png
128.248090000154,2.19908999960461,442,494.000000000000000,Pelabuhan Perikanan Pantai (PPP),UPTD Kab/ Kota,Operasional,PP. Tiley,./0.png
96.3643499998536,2.50111999998882,443,495.000000000000000,Pelabuhan Perikanan Pantai (PPP),UPTD Kab/ Kota,Operasional,PP. Teluk Sinabang,./0.png
125.416690000244,2.7330200002736,444,496.000000000000000,Pelabuhan Perikanan Swasta (PS),UPTD Kab/ Kota,Tahap Perencanaan,PP. Ulu,./0.png
99.9792799994734,2.75543999995688,445,497.000000000000000,Pelabuhan Perikanan Pantai (PPP),UPTD Provinsi,Operasional,PP. Tanjung Leidong,./0.png
106.241110000127,3.21873999995188,446,498.000000000000000,Pelabuhan Perikanan Swasta (PS),UPTD Provinsi,Operasional,PP. Tarempa,./0.png
99.5809499999436,3.22735999996485,447,499.000000000000000,Pelabuhan Perikanan Pantai (PPP),UPTD Kab/ Kota,Operasional,PP. Tanjung Tiram,./0.png
97.1965799997682,3.25523999962712,448,500.000000000000000,Pelabuhan Perikanan Pantai (PPP),UPTD Kab/ Kota,Operasional,PP. Lhok Bengkuang,./0.png
117.573089999905,3.30303999969703,449,501.000000000000000,Pelabuhan Perikanan Swasta (PS),UPTD Kab/ Kota,Operasional,PP. Tarakan (Tengkayu II),./0.png
97.0928499997287,3.38972999994036,450,502.000000000000000,Pelabuhan Perikanan Pantai (PPP),UPTD Kab/ Kota,Operasional,PP. Sawang Ba'u,./0.png
125.564300000346,3.43777999984792,451,503.000000000000000,Pelabuhan Perikanan Swasta (PS),UPTD Provinsi,Operasional,PP. Dagho,./0.png
97.0514800003028,3.45518999961962,452,504.000000000000000,Pelabuhan Perikanan Pantai (PPP),UPTD Kab/ Kota,Operasional,PP. Keude Meukek,./0.png
99.2287400003518,3.50285999998982,453,505.000000000000000,Pelabuhan Perikanan Pantai (PPP),UPTD Provinsi,Operasional,PP. Tanjung Beringin,./0.png
96.9989800002278,3.54797000011627,454,506.000000000000000,Pelabuhan Perikanan Pantai (PPP),UPTD Kab/ Kota,Operasional,PP. Labuhan Haji (Aceh),./0.png
98.8727500000135,3.6870899999044,455,507.000000000000000,Pelabuhan Perikanan Pantai (PPP),UPTD Provinsi,Operasional,PP. Pantai Labu,./0.png
98.7835700000565,3.71619000006928,456,508.000000000000000,Pelabuhan Perikanan Swasta (PS),UPTD Provinsi,Operasional,PP. Bagan Percut,./0.png
96.813320000019,3.71799000033906,457,509.000000000000000,Pelabuhan Perikanan Pantai (PPP),UPTD Kab/ Kota,Operasional,PP. Ujung Serangga (Ujong Serangga),./0.png
98.7064299995459,3.77298000012775,458,510.000000000000000,Pelabuhan Perikanan Swasta (PS),UPTD Provinsi,Operasional,PP. Bagan Deli,./0.png
98.7124999997762,3.78408000029259,459,511.000000000000000,Pelabuhan Perikanan Samudera (PPS),UPT Pusat,Operasional,PP. Belawan,./0.png
108.029619999964,3.78747999970307,460,512.000000000000000,Pelabuhan Perikanan Pantai (PPP),UPTD Kab/ Kota,Operasional,PP. Bunguran Barat,./0.png
126.686280000023,3.87285000022814,461,513.000000000000000,Pelabuhan Perikanan Pantai (PPP),UPTD Kab/ Kota,Operasional,PP. Salibabu,./0.png
108.385719999979,3.93701000021218,462,514.000000000000000,Pelabuhan Perikanan Pantai (PPP),UPTD Kab/ Kota,Operasional,PP. Selat Lampa (Ranai),./0.png
96.3106700002214,3.96632999973053,463,515.000000000000000,Pelabuhan Perikanan Pantai (PPP),UPTD Kab/ Kota,Operasional,PP. Kuala Tadu,./0.png
96.1925999998911,4.10412999980048,464,516.000000000000000,Pelabuhan Perikanan Pantai (PPP),UPTD Kab/ Kota,Operasional,PP. Kuala Tuha,./0.png
96.1320199995244,4.14156999965661,465,517.000000000000000,Pelabuhan Perikanan Pantai (PPP),UPTD Kab/ Kota,Operasional,PP. Ujong Baroh (Ujong Baroeh),./0.png
117.902239999977,4.16071999962912,466,518.000000000000000,Pelabuhan Perikanan Pantai (PPP),UPTD Kab/ Kota,Operasional,PP. Sebatik,./0.png
97.7735499995339,4.95940999967257,467,519.000000000000000,Pelabuhan Perikanan Nusantara (PPN),UPTD Provinsi,Operasional,PP. Idi,./0.png
97.7285599995454,4.99154000017171,468,520.000000000000000,Pelabuhan Perikanan Pantai (PPP),UPTD Kab/ Kota,Operasional,PP. Seuneubok Baroh,./0.png
97.2226499995988,5.14180000017069,469,521.000000000000000,Pelabuhan Perikanan Swasta (PS),UPTD Kab/ Kota,Operasional,PP. Blang Mee,./0.png
97.1478999995863,5.16692999982047,470,522.000000000000000,Pelabuhan Perikanan Pantai (PPP),UPTD Kab/ Kota,Operasional,PP. Ujung Blang,./0.png
97.3053300001804,5.17919999998082,471,523.000000000000000,Pelabuhan Perikanan Pantai (PPP),UPTD Kab/ Kota,Operasional,PP. Kuala Cangkoy,./0.png
96.5839899995399,5.20382999995536,472,524.000000000000000,Pelabuhan Perikanan Pantai (PPP),UPTD Kab/ Kota,Operasional,PP. Peudada,./0.png
97.113039999997,5.21119999988093,473,525.000000000000000,Pelabuhan Perikanan Pantai (PPP),UPTD Kab/ Kota,Operasional,PP. Pusong,./0.png
96.9100199996243,5.2495399998719,474,526.000000000000000,Pelabuhan Perikanan Pantai (PPP),UPTD Kab/ Kota,Operasional,PP. Krueng Mane,./0.png
96.2463199995693,5.25901000041205,475,527.000000000000000,Pelabuhan Perikanan Pantai (PPP),UPTD Kab/ Kota,Operasional,PP. Mereudu (Meureudue),./0.png
96.8517800001479,5.2686000001907,476,528.000000000000000,Pelabuhan Perikanan Swasta (PS),UPTD Kab/ Kota,Tahap Perencanaan,PP. Kuala Jangka,./0.png
96.1406999996063,5.27515999963509,477,529.000000000000000,Pelabuhan Perikanan Pantai (PPP),UPTD Kab/ Kota,Operasional,PP. Pante Raja,./0.png
96.0748899999745,5.29489000027411,478,530.000000000000000,Pelabuhan Perikanan Swasta (PS),UPTD Kab/ Kota,Operasional,PP. Kuala Tari,./0.png
95.2405299998606,5.34723000016521,479,531.000000000000000,Pelabuhan Perikanan Pantai (PPP),UPTD Kab/ Kota,Operasional,PP. Lhok Seudu,./0.png
96.0034699997417,5.35076999973654,480,532.000000000000000,Pelabuhan Perikanan Pantai (PPP),UPTD Kab/ Kota,Operasional,PP. Kuala Gigieng (Gigieng),./0.png
95.9354099997727,5.40591000014723,481,533.000000000000000,Pelabuhan Perikanan Pantai (PPP),UPTD Kab/ Kota,Operasional,PP. Kuala Peukan Baro,./0.png
95.2834800002029,5.55765999961011,482,534.000000000000000,Pelabuhan Perikanan Pantai (PPP),UPTD Kab/ Kota,Operasional,PP. Ulee Lheu,./0.png
95.3184699994919,5.58542000003382,483,535.000000000000000,Pelabuhan Perikanan Samudera (PPS),UPTD Provinsi,Operasional,PP. Lampulo,./0.png
95.3910999997662,5.61197000041602,484,536.000000000000000,Pelabuhan Perikanan Pantai (PPP),UPTD Kab/ Kota,Operasional,PP. Lambada,./0.png
95.3128100001824,5.77664999989838,485,537.000000000000000,Pelabuhan Perikanan Swasta (PS),UPTD Kab/ Kota,Operasional,PP. Keuneukai,./0.png
95.334919999959,5.89638999989938,486,538.000000000000000,Pelabuhan Perikanan Pantai (PPP),UPTD Kab/ Kota,Operasional,PP. Ie Meulee,./0.png
120.857097000427,-8.84711700034848,487,1.000000000000000,Pelabuhan Perikanan (PP),UPTD Kab/ Kota,Operasional,PP. Aimere,./0.png
116.515561753773,-8.77908017680789,488,2.000000000000000,Pangkalan Pendaratan Ikan (PPI),UPTD Provinsi,Operasional,PP. Tanjung Luar,./0.png
115.167077107823,-8.75811347075927,489,3.000000000000000,Pangkalan Pendaratan Ikan (PPI),UPTD Kab/ Kota,Operasional,PP. Kedonganan,./0.png
117.892600762316,-8.72053777939419,490,4.000000000000000,Pelabuhan Perikanan (PP),UPTD Kab/ Kota,Operasional,PP. Teluk Santong,./0.png
116.573089813045,-8.69982457784118,491,5.000000000000000,Pelabuhan Perikanan (PP),UPTD Kab/ Kota,Operasional,PP. Labuhan Haji,./0.png
118.430183757875,-8.67951351893294,492,6.000000000000000,Pelabuhan Perikanan (PP),UPTD Kab/ Kota,Operasional,PP. Soroadu,./0.png
117.663827362144,-8.56462487483731,493,7.000000000000000,Pelabuhan Perikanan (PP),UPTD Kab/ Kota,Operasional,PP. Labuhan Terata,./0.png
118.22655777812,-8.5531198128283,494,9.000000000000000,Pelabuhan Perikanan (PP),UPTD Kab/ Kota,Operasional,PP. Soro Kempo,./0.png
116.6626078151,-8.48683784538946,495,11.000000000000000,Pelabuhan Perikanan Pantai (PPP),UPTD Provinsi,Operasional,PP. Labuhan Lombok,./0.png
119.875227000327,-8.48992200019933,496,12.000000000000000,Pelabuhan Perikanan (PP),UPTD Kab/ Kota,Operasional,PP. Labuhan Bajo,./0.png
123.092170086381,-8.27397594513297,497,15.000000000000000,Pelabuhan Perikanan (PP),UPTD Kab/ Kota,Operasional,PP. Amakole Jaya,./0.png
115.130612319304,-8.07840016213697,498,16.000000000000000,Pelabuhan Perikanan (PP),UPTD Kab/ Kota,Operasional,PP. Sangsit,./0.png
105.639096000181,-5.83735999976335,499,17.000000000000000,Pelabuhan Perikanan (PP),UPTD Kab/ Kota,Operasional,PP. Way Muli,./0.png
120.022299999946,-5.57027700028254,500,18.000000000000000,Pangkalan Pendaratan Ikan (PPI),UPTD Kab/ Kota,Operasional,PP. Birea,./0.png
105.251307160298,-5.48702004144093,501,19.000000000000000,Pelabuhan Perikanan Pantai (PPP),UPTD Provinsi,Operasional,PP. Lempasing,./0.png
123.067864961999,-5.17659600829836,502,20.000000000000000,Pelabuhan Perikanan (PP),UPTD Kab/ Kota,Operasional,PP. Kamaru,./0.png
119.419190999866,-5.11068699960452,503,21.000000000000000,Pelabuhan Perikanan (PP),UPTD Kab/ Kota,Operasional,PP. Paotere,./0.png
136.77089399966,-4.79728600004808,504,22.000000000000000,Pelabuhan Perikanan (PP),UPTD Kab/ Kota,Operasional,PP. Poumako,./0.png
102.305900000286,-3.90302100011826,505,24.000000000000000,Pelabuhan Perikanan (PP),UPTD Provinsi,Operasional,PP. Pulau Baai,./0.png
120.403380746325,-3.38408879805877,506,26.000000000000000,Pelabuhan Perikanan (PP),UPTD Kab/ Kota,Operasional,PP. Ulo-Ulo,./0.png
108.286407000384,-2.84973399992333,507,27.000000000000000,Pelabuhan Perikanan (PP),UPTD Kab/ Kota,Operasional,PP. Manggar Belitung Timur,./0.png
107.417139081205,-2.83041066012305,508,28.000000000000000,Pelabuhan Perikanan (PP),UPTD Kab/ Kota,Operasional,PP. Selat Nasik,./0.png
107.632127443728,-2.74596326329316,509,29.000000000000000,Pelabuhan Perikanan Nusantara (PPN),UPT Pusat,Operasional,PP. Tanjung Pandan,./0.png
140.716449999969,-2.56379499963873,510,30.000000000000000,Pelabuhan Perikanan (PP),UPTD Kab/ Kota,Operasional,PP. Hamadi,./0.png
110.218059000224,-2.53175100040755,511,31.000000000000000,Pelabuhan Perikanan (PP),UPTD Kab/ Kota,Operasional,PP. Kendawangan,./0.png
105.979504999657,-2.38601899967625,512,32.000000000000000,Pelabuhan Perikanan (PP),UPTD Kab/ Kota,Operasional,PP. Sungai Selan,./0.png
106.188045789682,-2.16900889014732,513,33.000000000000000,Pelabuhan Perikanan (PP),UPTD Kab/ Kota,Operasional,PP. Batu Belubang,./0.png
121.100047718928,-1.43734423894466,514,35.000000000000000,Pelabuhan Perikanan (PP),UPTD Kab/ Kota,Operasional,PP. Bahari,./0.png
120.754838999921,-1.38899000018756,515,36.000000000000000,Pelabuhan Perikanan (PP),UPTD Kab/ Kota,Operasional,PP. Gebang Rejo,./0.png
104.192818799749,-1.08723430022195,516,37.000000000000000,Pelabuhan Perikanan (PP),UPTD Kab/ Kota,Operasional,PP. Nipah Panjang,./0.png
100.397224999735,-1.02866100030411,517,38.000000000000000,Pelabuhan Perikanan Samudera (PPS),UPT Pusat,Operasional,PP. Bungus,./0.png
121.602683275614,-0.847044781890361,518,40.000000000000000,Pelabuhan Perikanan (PP),UPTD Kab/ Kota,Operasional,PP. Labuan (Ampana),./0.png
109.286610209195,0.000705372555728,519,41.000000000000000,Pelabuhan Perikanan Pantai (PPP),UPTD Provinsi,Operasional,PP. Sungai Rengas,./0.png
122.35694300022,0.510170999592788,520,42.000000000000000,Pelabuhan Perikanan (PP),UPTD Kab/ Kota,Operasional,PP. Tilamuta,./0.png
120.133815000163,0.745017999981542,521,43.000000000000000,Pelabuhan Perikanan (PP),UPTD Kab/ Kota,Operasional,PP. Oguamas,./0.png
103.083362030434,0.829881001407898,522,44.000000000000000,Pelabuhan Perikanan (PP),UPTD Provinsi,Operasional,PP. Tanjung Samak,./0.png
108.992145000093,1.19978400033216,523,45.000000000000000,Pelabuhan Perikanan Nusantara (PPN),UPT Pusat,Operasional,PP. Pemangkat,./0.png
125.076913988591,1.35783127669288,524,46.000000000000000,Pelabuhan Perikanan (PP),UPTD Kab/ Kota,Operasional,PP. Kema,./0.png
100.121732000033,2.61404599962401,525,48.000000000000000,Pelabuhan Perikanan (PP),UPTD Provinsi,Operasional,PP. Sei Berombang,./0.png
99.8599120004395,3.01246200042181,526,49.000000000000000,Pelabuhan Perikanan (PP),UPTD Kab/ Kota,Operasional,PP. Bagan Asahan Baru,./0.png
98.2128905079916,4.12444358220637,527,51.000000000000000,Pelabuhan Perikanan (PP),UPTD Provinsi,Operasional,PP. Pangkalan Susu,./0.png
98.0155899997797,4.51796800042371,528,52.000000000000000,Pelabuhan Perikanan (PP),UPTD Kab/ Kota,Operasional,PP. Kuala Langsa,./0.png
110.215721466174,-6.8972228445578,529,187.000000000000000,Pelabuhan Perikanan Swasta (PS),Koperasi,Operasional,PP. Bandengan,./0.png
109.366976166918,-6.86216981898116,530,202.000000000000000,Pelabuhan Perikanan Pantai (PPP),UPTD Kab/ Kota,Operasional,PP. Tanjungsari,./0.png
109.622007304894,-6.84145433674746,531,210.000000000000000,Pangkalan Pendaratan Ikan (PPI),UPTD Provinsi,Operasional,PP. Wonokerto,./0.png
108.729259125809,-6.80715499070942,532,221.000000000000000,Pelabuhan Perikanan Pantai (PPP),UPTD Kab/ Kota,Operasional,PP. Gebang Mekar,./0.png
111.051837255886,-6.45893756281748,533,258.000000000000000,Pelabuhan Perikanan Swasta (PS),UPTD Kab/ Kota,Operasional,PP. Banyutowo,./0.png
108.458190000069,-6.43872999968892,534,259.000000000000000,Pelabuhan Perikanan Pantai (PPP),UPTD Kab/ Kota,Operasional,PP. Dadap,./0.png
108.432497778451,-6.4137248601134,535,261.000000000000000,Pelabuhan Perikanan Pantai (PPP),UPTD Kab/ Kota,Operasional,PP. Juntinyuat,./0.png
103.434960000005,0.989160000034815,536,475.000000000000000,Pelabuhan Perikanan Pantai (PPP),UPTD Kab/ Kota,Operasional,PP. Tanjung Balai Karimun,./0.png
104.1344029999,1.03862599959103,537,477.000000000000000,Pelabuhan Perikanan Swasta (PS),Swasta,Operasional,PP. Telaga Punggur,./0.png
101.414969719778,1.69387958677436,538,487.000000000000000,Pelabuhan Perikanan Pantai (PPP),UPTD Kab/ Kota,Operasional,PP. Dumai,./0.png
